11:56:31, 6.60, 89.20, 411.85
11:56:31, 6.60, 88.00, 406.56
11:56:32, 6.58, 82.70, 381.15
11:56:33, 6.56, 76.60, 351.53
11:56:34, 6.54, 78.30, 358.68
11:56:35, 6.57, 85.30, 392.18
11:56:35, 6.58, 84.20, 387.83
11:56:36, 6.57, 84.80, 390.11
11:56:37, 6.58, 88.70, 408.55
11:56:38, 6.60, 90.00, 415.55
11:56:39, 6.60, 92.00, 425.04
11:56:39, 6.61, 95.60, 442.21
11:56:40, 6.62, 98.90, 458.30
11:56:41, 6.63, 100.30, 465.35
11:56:42, 6.63, 100.30, 465.35
11:56:43, 6.62, 100.50, 466.00
11:56:43, 6.63, 100.90, 468.14
11:56:44, 6.62, 101.10, 468.78
11:56:45, 6.62, 101.30, 469.71
11:56:46, 6.62, 101.40, 470.17
11:56:47, 6.62, 101.70, 471.56
11:56:47, 6.62, 102.00, 472.95
11:56:48, 6.62, 102.20, 473.59
11:56:49, 6.62, 102.40, 474.52
11:56:50, 6.62, 102.50, 474.99
11:56:51, 6.62, 102.60, 475.16
11:56:52, 6.62, 102.60, 475.16
11:56:52, 6.62, 102.90, 476.55
11:56:53, 6.61, 102.10, 472.56
11:56:54, 6.60, 100.40, 464.13
11:56:55, 6.60, 100.90, 466.16
11:56:56, 6.60, 99.80, 461.36
11:56:56, 6.59, 93.10, 429.34
11:56:57, 6.56, 86.80, 398.34
11:56:58, 6.54, 82.60, 377.91
11:56:59, 6.51, 76.70, 349.63
11:57:0, 6.49, 75.40, 342.65
11:57:0, 6.50, 81.20, 369.46
11:57:1, 6.55, 94.20, 431.78
11:57:2, 6.60, 100.80, 465.41
11:57:3, 6.59, 94.90, 437.91
11:57:4, 6.55, 83.70, 383.88
11:57:4, 6.50, 71.70, 326.03
11:57:5, 6.45, 64.60, 291.76
11:57:6, 6.42, 61.50, 276.38
11:57:7, 6.42, 65.10, 292.74
11:57:8, 6.46, 73.00, 329.90
11:57:8, 6.50, 82.80, 376.74
11:57:9, 6.54, 87.40, 400.12
11:57:10, 6.54, 82.90, 379.28
11:57:11, 6.51, 75.90, 345.77
11:57:12, 6.47, 66.10, 299.27
11:57:12, 6.42, 60.60, 272.17
11:57:13, 6.41, 62.30, 279.63
11:57:14, 6.42, 61.00, 274.13
11:57:15, 6.39, 55.20, 246.99
11:57:16, 6.37, 56.20, 250.52
11:57:16, 6.40, 61.20, 274.00
11:57:17, 6.43, 69.00, 310.67
11:57:18, 6.49, 81.40, 369.69
11:57:19, 6.54, 91.30, 417.97
11:57:20, 6.56, 94.90, 436.05
11:57:20, 6.58, 96.00, 441.91
11:57:21, 6.57, 94.20, 433.36
11:57:22, 6.56, 91.80, 421.80
11:57:23, 6.56, 89.90, 412.57
11:57:24, 6.55, 89.10, 408.40
11:57:24, 6.55, 90.20, 413.69
11:57:25, 6.56, 93.10, 427.52
11:57:26, 6.57, 94.60, 434.93
11:57:27, 6.57, 94.60, 435.20
11:57:28, 6.57, 94.00, 432.44
11:57:28, 6.56, 92.90, 426.86
11:57:29, 6.56, 92.30, 424.10
11:57:30, 6.56, 92.20, 423.38
11:57:31, 6.56, 93.60, 429.81
11:57:32, 6.57, 95.90, 440.91
11:57:33, 6.58, 99.00, 455.99
11:57:33, 6.59, 100.60, 463.93
11:57:34, 6.59, 100.80, 464.85
11:57:35, 6.59, 100.70, 464.39
11:57:36, 6.59, 100.60, 463.93
11:57:37, 6.59, 100.60, 463.93
11:57:37, 6.58, 100.50, 463.18
11:57:38, 6.58, 100.50, 463.18
11:57:39, 6.58, 100.20, 461.52
11:57:40, 6.58, 99.60, 458.76
11:57:41, 6.58, 99.10, 456.18
11:57:41, 6.58, 99.20, 456.64
11:57:42, 6.58, 99.80, 459.40
11:57:43, 6.58, 100.60, 463.08
11:57:44, 6.58, 101.00, 464.92
11:57:45, 6.58, 101.10, 465.38
11:57:45, 6.58, 101.10, 465.38
11:57:46, 6.58, 101.20, 465.84
11:57:47, 6.58, 101.10, 465.38
11:57:48, 6.57, 100.90, 464.18
11:57:49, 6.57, 100.90, 464.18
11:57:49, 6.57, 100.80, 463.44
11:57:50, 6.57, 100.80, 463.44
11:57:51, 6.57, 100.90, 463.90
11:57:52, 6.57, 100.90, 463.90
11:57:53, 6.56, 100.90, 463.62
11:57:53, 6.56, 100.80, 463.16
11:57:54, 6.56, 101.30, 465.45
11:57:55, 6.56, 100.60, 462.24
11:57:56, 6.56, 100.50, 461.50
11:57:57, 6.56, 100.70, 462.41
11:57:57, 6.56, 100.60, 461.96
11:57:58, 6.56, 100.60, 461.96
11:57:59, 6.56, 100.60, 461.96
11:58:0, 6.56, 100.60, 461.96
11:58:1, 6.56, 100.70, 462.13
11:58:1, 6.56, 100.70, 462.13
11:58:2, 6.56, 100.70, 462.13
11:58:3, 6.55, 100.70, 461.85
11:58:4, 6.56, 100.60, 461.67
11:58:5, 6.55, 100.60, 461.39
11:58:5, 6.56, 100.70, 462.13
11:58:6, 6.56, 100.70, 462.13
11:58:7, 6.55, 100.80, 462.31
11:58:8, 6.55, 100.80, 462.31
11:58:9, 6.55, 100.90, 462.77
11:58:9, 6.55, 101.00, 463.23
11:58:10, 6.55, 101.10, 463.69
11:58:11, 6.55, 100.90, 462.77
11:58:12, 6.55, 100.80, 462.31
11:58:13, 6.55, 100.80, 462.03
11:58:14, 6.55, 100.90, 462.77
11:58:14, 6.55, 101.00, 463.23
11:58:15, 6.55, 101.10, 463.40
11:58:16, 6.55, 101.10, 463.40
11:58:17, 6.55, 101.10, 463.40
11:58:18, 6.55, 101.30, 464.32
11:58:18, 6.55, 101.50, 465.24
11:58:19, 6.55, 101.70, 466.15
11:58:20, 6.55, 101.90, 467.07
11:58:21, 6.55, 102.10, 467.99
11:58:22, 6.55, 102.10, 467.99
11:58:22, 6.54, 102.30, 468.62
11:58:23, 6.54, 102.30, 468.62
11:58:24, 6.54, 102.40, 469.07
11:58:25, 6.54, 102.70, 470.16
11:58:26, 6.54, 102.90, 471.08
11:58:26, 6.54, 102.90, 471.08
11:58:27, 6.54, 102.80, 470.62
11:58:28, 6.54, 102.70, 469.87
11:58:29, 6.54, 102.50, 468.96
11:58:30, 6.53, 102.40, 468.21
11:58:30, 6.53, 102.30, 467.47
11:58:31, 6.53, 102.00, 466.10
11:58:32, 6.52, 101.60, 463.99
11:58:33, 6.52, 101.60, 463.70
11:58:34, 6.52, 101.50, 463.53
11:58:34, 6.52, 101.40, 462.79
11:58:35, 6.52, 101.20, 461.88
11:58:36, 6.52, 101.10, 461.42
11:58:37, 6.52, 101.10, 461.14
11:58:38, 6.52, 101.20, 461.59
11:58:38, 6.51, 101.20, 461.31
11:58:39, 6.51, 101.10, 460.85
11:58:40, 6.51, 100.10, 456.30
11:58:41, 6.51, 99.40, 452.83
11:58:42, 6.50, 100.30, 456.65
11:58:42, 6.51, 101.10, 460.57
11:58:43, 6.51, 101.00, 460.12
11:58:44, 6.51, 100.90, 459.66
11:58:45, 6.51, 101.00, 460.40
11:58:46, 6.51, 100.90, 459.66
11:58:46, 6.51, 101.00, 460.12
11:58:47, 6.51, 100.60, 458.58
11:58:48, 6.51, 99.40, 452.83
11:58:49, 6.50, 98.50, 448.18
11:58:50, 6.50, 98.30, 447.54
11:58:50, 6.50, 98.20, 446.81
11:58:51, 6.50, 98.40, 447.72
11:58:52, 6.50, 99.20, 451.36
11:58:53, 6.50, 99.50, 453.00
11:58:54, 6.50, 99.50, 453.00
11:58:55, 6.50, 100.00, 455.28
11:58:55, 6.51, 100.90, 459.66
11:58:56, 6.51, 101.30, 461.48
11:58:57, 6.51, 101.20, 461.03
11:58:58, 6.50, 101.10, 460.29
11:58:59, 6.50, 101.00, 459.83
11:58:59, 6.50, 100.80, 458.92
11:59:0, 6.50, 101.10, 460.29
11:59:1, 6.50, 101.20, 460.46
11:59:2, 6.50, 101.60, 462.28
11:59:3, 6.50, 101.80, 463.19
11:59:3, 6.50, 102.10, 464.56
11:59:4, 6.50, 102.30, 465.47
11:59:5, 6.50, 102.80, 467.74
11:59:6, 6.50, 103.20, 469.56
11:59:7, 6.50, 103.40, 470.47
11:59:7, 6.50, 103.40, 470.47
11:59:8, 6.50, 103.50, 470.93
11:59:9, 6.50, 103.60, 471.38
11:59:10, 6.50, 103.70, 471.54
11:59:11, 6.50, 103.90, 472.45
11:59:11, 6.50, 104.10, 473.36
11:59:12, 6.50, 104.30, 474.57
11:59:13, 6.50, 104.20, 474.11
11:59:14, 6.50, 104.20, 473.82
11:59:15, 6.50, 103.90, 472.45
11:59:15, 6.50, 103.80, 472.00
11:59:16, 6.50, 103.80, 472.00
11:59:17, 6.50, 103.90, 472.45
11:59:18, 6.50, 103.90, 472.45
11:59:19, 6.50, 104.00, 472.91
11:59:19, 6.50, 103.80, 472.00
11:59:20, 6.49, 103.50, 470.35
11:59:21, 6.49, 98.50, 447.35
11:59:22, 6.45, 86.80, 392.02
11:59:23, 6.40, 76.90, 344.73
11:59:23, 6.38, 79.00, 352.81
11:59:24, 6.42, 89.60, 402.41
11:59:25, 6.46, 98.90, 447.50
11:59:26, 6.49, 103.20, 468.69
11:59:27, 6.50, 104.10, 473.36
11:59:27, 6.50, 104.00, 472.91
11:59:28, 6.49, 103.60, 470.80
11:59:29, 6.49, 103.30, 469.44
11:59:30, 6.49, 102.90, 467.33
11:59:31, 6.49, 101.40, 460.52
11:59:31, 6.48, 97.40, 441.53
11:59:32, 6.46, 94.60, 428.05
11:59:33, 6.45, 90.80, 409.83
11:59:34, 6.44, 89.10, 401.66
11:59:35, 6.44, 89.20, 401.86
11:59:36, 6.43, 86.70, 390.36
11:59:36, 6.42, 82.00, 368.51
11:59:37, 6.40, 75.00, 335.79
11:59:38, 6.34, 64.50, 286.43
11:59:39, 6.30, 60.60, 267.25
11:59:40, 6.28, 55.30, 243.25
11:59:40, 6.23, 46.20, 201.41
11:59:41, 6.17, 42.20, 182.20
11:59:42, 6.15, 39.30, 169.24
11:59:43, 6.11, 34.80, 148.79
11:59:44, 6.06, 32.30, 137.11
11:59:44, 6.05, 31.50, 133.45
11:59:45, 6.05, 30.90, 130.82
11:59:46, 6.04, 30.30, 128.11
11:59:47, 6.03, 29.90, 126.25
11:59:48, 6.03, 29.50, 124.56
11:59:48, 6.03, 29.10, 122.79
11:59:49, 6.02, 29.10, 122.71
11:59:50, 6.03, 28.90, 121.95
11:59:51, 6.03, 28.80, 121.52
11:59:52, 6.03, 28.80, 121.52
11:59:52, 6.03, 28.70, 121.10
11:59:53, 6.03, 28.70, 121.10
11:59:54, 6.03, 28.70, 121.10
11:59:55, 6.03, 28.70, 121.10
11:59:56, 6.03, 28.70, 121.18
11:59:56, 6.03, 28.70, 121.18
11:59:57, 6.04, 28.80, 121.69
11:59:58, 6.04, 29.00, 122.61
11:59:59, 6.04, 29.20, 123.54
12:0:0, 6.05, 29.40, 124.47
12:0:0, 6.05, 29.50, 124.97
12:0:1, 6.05, 29.70, 125.82
12:0:2, 6.06, 30.00, 127.26
12:0:3, 6.07, 30.70, 130.40
12:0:4, 6.08, 31.50, 134.06
12:0:4, 6.09, 31.90, 135.95
12:0:5, 6.09, 31.70, 135.18
12:0:6, 6.09, 31.50, 134.24
12:0:7, 6.09, 31.50, 134.33
12:0:8, 6.09, 31.50, 134.33
12:0:8, 6.10, 32.00, 136.55
12:7:36, 6.31, 41.80, 184.57
12:7:37, 6.28, 39.70, 174.41
12:7:38, 6.27, 40.60, 178.25
12:7:39, 6.30, 45.30, 199.65
12:7:39, 6.35, 53.50, 237.88
12:7:40, 6.42, 63.80, 286.72
12:7:41, 6.48, 73.30, 332.49
12:7:42, 6.52, 80.10, 365.80
12:7:43, 6.54, 81.70, 374.02
12:7:43, 6.53, 78.30, 358.02
12:7:44, 6.50, 71.40, 325.07
12:7:45, 6.47, 66.20, 299.91
12:7:46, 6.46, 66.90, 302.52
12:7:47, 6.48, 72.40, 328.20
12:7:47, 6.50, 76.40, 347.83
12:7:48, 6.52, 77.10, 351.67
12:7:49, 6.51, 76.00, 346.44
12:7:50, 6.51, 76.10, 346.89
12:7:51, 6.52, 77.40, 353.04
12:7:51, 6.52, 77.50, 353.49
12:7:52, 6.51, 75.30, 343.25
12:7:53, 6.50, 72.60, 330.13
12:7:54, 6.49, 73.10, 331.99
12:7:55, 6.50, 74.80, 340.13
12:7:55, 6.50, 75.80, 345.10
12:7:56, 6.50, 75.20, 342.37
12:7:57, 6.50, 74.20, 337.40
12:7:58, 6.49, 73.10, 332.20
12:7:59, 6.49, 71.10, 322.91
12:8:0, 6.47, 69.20, 313.50
12:8:0, 6.47, 67.10, 303.80
12:8:1, 6.44, 61.80, 278.77
12:8:2, 6.40, 52.60, 235.80
12:8:3, 6.33, 43.10, 190.92
12:8:4, 6.27, 39.90, 175.18
12:8:4, 6.26, 39.50, 173.09
12:8:5, 6.26, 39.40, 172.65
12:8:6, 6.26, 39.10, 171.34
12:8:7, 6.25, 38.20, 167.18
12:8:8, 6.24, 36.80, 160.74
12:8:8, 6.23, 35.90, 156.51
12:8:9, 6.22, 35.80, 155.97
12:8:10, 6.22, 36.00, 156.84
12:8:11, 6.23, 36.30, 158.25
12:8:12, 6.23, 36.60, 159.66
12:8:12, 6.24, 37.00, 161.51
12:8:13, 6.24, 37.20, 162.49
12:8:14, 6.25, 37.90, 165.76
12:8:15, 6.25, 37.40, 163.57
12:8:16, 6.24, 36.00, 157.15
12:8:16, 6.22, 34.80, 151.62
12:8:17, 6.22, 34.60, 150.55
12:8:18, 6.22, 35.00, 152.39
12:8:19, 6.22, 34.90, 151.95
12:8:20, 6.22, 34.20, 148.81
12:8:20, 6.21, 33.60, 146.01
12:8:21, 6.20, 33.10, 143.75
12:8:22, 6.20, 32.90, 142.79
12:8:23, 6.20, 32.60, 141.39
12:8:24, 6.20, 32.50, 140.96
12:8:24, 6.19, 32.20, 139.57
12:8:25, 6.19, 32.10, 139.13
12:8:26, 6.19, 31.90, 138.18
12:8:27, 6.19, 31.80, 137.74
12:8:28, 6.19, 31.60, 136.88
12:8:28, 6.18, 31.40, 135.92
12:8:29, 6.18, 31.20, 134.97
12:8:30, 6.18, 31.10, 134.54
12:8:31, 6.18, 31.00, 134.11
12:8:32, 6.18, 30.80, 133.15
12:8:32, 6.18, 30.50, 131.86
12:8:33, 6.17, 30.40, 131.34
12:8:34, 6.17, 30.30, 130.91
12:8:35, 6.17, 30.20, 130.48
12:8:36, 6.17, 30.00, 129.53
12:8:36, 6.17, 29.80, 128.66
12:8:37, 6.16, 29.60, 127.72
12:8:38, 6.16, 29.50, 127.29
12:8:39, 6.16, 29.30, 126.34
12:8:40, 6.16, 29.20, 125.91
12:8:41, 6.16, 29.10, 125.48
12:8:41, 6.16, 29.10, 125.48
12:8:42, 6.16, 29.00, 125.05
12:8:43, 6.16, 28.90, 124.62
12:8:44, 6.16, 28.90, 124.70
12:8:45, 6.16, 28.80, 124.19
12:8:45, 6.16, 28.60, 123.32
12:8:46, 6.16, 28.60, 123.40
12:8:47, 6.16, 28.50, 122.89
12:8:48, 6.16, 28.50, 122.89
12:8:49, 6.16, 28.40, 122.46
12:8:49, 6.16, 28.40, 122.46
12:8:50, 6.16, 28.40, 122.46
12:8:51, 6.16, 28.30, 122.11
12:8:52, 6.16, 28.20, 121.60
12:8:53, 6.16, 28.20, 121.60
12:8:53, 6.16, 28.10, 121.17
12:8:54, 6.16, 28.10, 121.17
12:8:55, 6.16, 28.10, 121.17
12:8:56, 6.16, 28.10, 121.25
12:8:57, 6.16, 28.10, 121.25
12:8:57, 6.16, 28.00, 120.81
12:8:58, 6.16, 28.10, 121.25
12:8:59, 6.16, 28.10, 121.25
12:9:0, 6.16, 28.00, 120.81
12:9:1, 6.16, 28.00, 120.81
12:9:1, 6.16, 28.10, 121.25
12:9:2, 6.16, 28.00, 120.81
12:9:3, 6.17, 28.00, 120.89
12:9:4, 6.16, 28.10, 121.25
12:9:5, 6.17, 28.10, 121.32
12:9:5, 6.17, 28.10, 121.32
12:9:6, 6.17, 28.20, 121.76
12:9:7, 6.17, 28.20, 121.84
12:9:8, 6.17, 28.30, 122.19
12:9:9, 6.17, 28.30, 122.19
12:9:9, 6.17, 28.30, 122.27
12:9:10, 6.17, 28.40, 122.70
12:9:11, 6.17, 28.40, 122.70
12:9:12, 6.17, 28.40, 122.70
12:9:13, 6.18, 28.50, 123.21
12:9:13, 6.18, 28.60, 123.64
12:9:14, 6.18, 28.70, 124.08
12:9:15, 6.18, 28.70, 124.16
12:9:16, 6.18, 28.80, 124.59
12:9:17, 6.18, 28.80, 124.59
12:9:17, 6.18, 28.90, 125.10
12:9:18, 6.18, 29.00, 125.54
12:9:19, 6.18, 29.10, 125.97
12:9:20, 6.19, 29.20, 126.48
12:9:21, 6.19, 29.30, 126.92
12:9:22, 6.19, 29.40, 127.43
12:9:22, 6.19, 29.40, 127.43
12:9:23, 6.20, 29.70, 128.81
12:9:24, 6.20, 29.80, 129.25
12:9:25, 6.20, 30.00, 130.20
12:9:26, 6.20, 30.10, 130.63
12:9:26, 6.20, 30.20, 131.15
12:9:27, 6.20, 30.40, 132.02
12:9:28, 6.21, 30.50, 132.54
12:9:29, 6.21, 30.70, 133.50
12:9:30, 6.22, 30.90, 134.45
12:9:30, 6.22, 31.00, 134.89
12:9:31, 6.22, 31.00, 134.89
12:9:32, 6.22, 31.10, 135.41
12:9:33, 6.22, 31.20, 135.84
12:9:34, 6.22, 31.40, 136.72
12:9:34, 6.22, 31.50, 137.24
12:9:35, 6.22, 31.50, 137.24
12:9:36, 6.22, 31.60, 137.67
12:9:37, 6.23, 31.70, 138.20
12:9:38, 6.23, 31.90, 139.07
12:9:38, 6.23, 32.10, 140.03
12:9:39, 6.23, 32.30, 140.91
12:9:40, 6.24, 32.50, 141.87
12:9:41, 6.24, 32.70, 142.83
12:9:42, 6.24, 32.90, 143.71
12:9:42, 6.24, 33.20, 145.11
12:9:43, 6.25, 33.70, 147.48
12:9:44, 6.26, 34.60, 151.62
12:9:45, 6.27, 35.70, 156.74
12:9:46, 6.28, 36.50, 160.45
12:9:46, 6.29, 37.10, 163.30
12:9:47, 6.30, 38.80, 171.11
12:9:48, 6.32, 41.10, 181.83
12:9:49, 6.34, 43.10, 191.40
12:9:50, 6.36, 44.50, 197.99
12:9:50, 6.37, 47.60, 212.32
12:9:51, 6.41, 54.10, 242.82
12:9:52, 6.46, 62.20, 281.27
12:9:53, 6.51, 70.50, 321.37
12:9:54, 6.55, 77.40, 354.77
12:9:54, 6.58, 83.60, 384.83
12:9:55, 6.60, 91.10, 421.14
12:9:56, 6.63, 97.80, 454.03
12:9:57, 6.65, 103.10, 480.07
12:9:58, 6.67, 107.20, 500.37
12:9:58, 6.68, 108.40, 506.57
12:9:59, 6.67, 107.60, 502.23
12:10:0, 6.67, 106.10, 495.23
12:10:1, 6.66, 105.00, 489.22
12:10:2, 6.66, 106.20, 494.81
12:10:3, 6.66, 107.60, 501.63
12:10:3, 6.66, 107.90, 503.03
12:10:4, 6.66, 107.30, 499.93
12:10:5, 6.65, 105.60, 491.72
12:10:6, 6.65, 106.10, 493.75
12:10:7, 6.64, 103.70, 482.00
12:10:7, 6.63, 101.10, 469.06
12:10:8, 6.62, 94.30, 436.72
12:10:9, 6.58, 88.10, 405.79
12:10:10, 6.57, 83.50, 383.90
12:10:11, 6.52, 69.90, 319.02
12:10:11, 6.46, 61.50, 278.10
12:10:12, 6.42, 53.90, 242.08
12:10:13, 6.36, 47.00, 209.11
12:10:14, 6.32, 45.50, 201.42
12:10:15, 6.32, 44.40, 196.55
12:10:15, 6.30, 42.40, 187.10
12:10:16, 6.30, 44.70, 197.13
12:10:17, 6.33, 48.30, 214.08
12:10:18, 6.36, 53.00, 235.81
12:10:19, 6.40, 56.40, 252.51
12:10:19, 6.39, 50.10, 224.03
12:10:20, 6.33, 45.40, 201.10
12:10:21, 6.32, 45.10, 199.40
12:10:22, 6.32, 43.20, 191.00
12:10:23, 6.26, 35.70, 156.54
12:10:23, 6.19, 31.60, 136.97
12:10:24, 6.17, 30.60, 132.20
12:10:25, 6.16, 29.50, 127.12
12:10:26, 6.14, 28.70, 123.43
12:10:27, 6.14, 28.10, 120.70
12:10:27, 6.13, 27.70, 118.82
12:10:28, 6.12, 27.40, 117.46
12:10:29, 6.12, 27.10, 116.10
12:10:30, 6.12, 26.70, 114.31
12:10:31, 6.11, 26.90, 115.01
12:10:31, 6.12, 27.50, 117.73
12:10:32, 6.13, 27.80, 119.25
12:10:33, 6.12, 26.50, 113.60
12:10:34, 6.10, 25.00, 106.68
12:10:35, 6.08, 24.40, 103.85
12:10:35, 6.08, 24.10, 102.50
12:10:36, 6.07, 23.90, 101.58
12:10:37, 6.07, 23.70, 100.67
12:10:38, 6.06, 23.50, 99.75
12:10:39, 6.06, 23.30, 98.84
12:10:39, 6.06, 23.00, 97.57
12:10:40, 6.06, 22.90, 97.08
12:10:41, 6.06, 22.70, 96.23
12:10:42, 6.05, 22.60, 95.74
12:10:43, 6.05, 22.50, 95.32
12:10:43, 6.05, 22.30, 94.41
12:10:44, 6.05, 22.20, 93.99
12:10:45, 6.05, 22.10, 93.56
12:10:46, 6.04, 22.00, 93.08
12:10:47, 6.05, 21.80, 92.29
12:10:48, 6.04, 21.80, 92.23
12:10:48, 6.04, 21.70, 91.81
12:10:49, 6.04, 21.60, 91.39
12:10:50, 6.04, 21.50, 90.96
12:10:51, 6.04, 21.50, 90.96
12:10:52, 6.04, 21.40, 90.54
12:10:52, 6.04, 21.30, 90.12
12:10:53, 6.04, 21.30, 90.12
12:10:54, 6.04, 21.30, 90.12
12:10:55, 6.04, 21.20, 89.69
12:10:56, 6.05, 21.20, 89.75
12:10:56, 6.05, 21.20, 89.75
12:10:57, 6.04, 21.10, 89.27
12:10:58, 6.05, 21.00, 88.91
12:10:59, 6.05, 21.10, 89.39
12:11:0, 6.05, 21.00, 88.91
12:11:0, 6.05, 21.00, 88.96
12:11:1, 6.05, 20.90, 88.54
12:11:2, 6.05, 20.90, 88.54
12:11:3, 6.05, 20.90, 88.54
12:11:4, 6.05, 20.80, 88.12
12:11:4, 6.06, 20.80, 88.18
12:11:5, 6.05, 20.70, 87.69
12:11:6, 6.06, 20.60, 87.33
12:11:7, 6.05, 20.60, 87.27
12:11:8, 6.06, 20.60, 87.33
12:11:8, 6.06, 20.60, 87.33
12:11:9, 6.06, 20.50, 86.90
12:11:10, 6.06, 20.50, 86.90
12:11:11, 6.06, 20.50, 86.90
12:11:12, 6.05, 20.50, 86.85
12:11:12, 6.05, 20.50, 86.85
12:11:13, 6.05, 20.40, 86.42
12:11:14, 6.06, 20.40, 86.48
12:11:15, 6.06, 20.40, 86.48
12:11:16, 6.06, 20.40, 86.48
12:11:16, 6.06, 20.40, 86.48
12:11:17, 6.06, 20.40, 86.48
12:11:18, 6.06, 20.40, 86.48
12:11:19, 6.06, 20.40, 86.48
12:11:20, 6.06, 20.40, 86.48
12:11:20, 6.06, 20.40, 86.48
12:11:21, 6.06, 20.40, 86.54
12:11:22, 6.06, 20.40, 86.54
12:11:23, 6.06, 20.40, 86.54
12:11:24, 6.06, 20.50, 86.96
12:11:24, 6.06, 20.50, 86.96
12:11:25, 6.06, 20.60, 87.44
12:11:26, 6.06, 20.60, 87.44
12:11:27, 6.06, 20.70, 87.87
12:11:28, 6.07, 20.80, 88.35
12:11:29, 6.07, 20.80, 88.35
12:11:29, 6.07, 20.90, 88.83
12:11:30, 6.08, 21.00, 89.32
12:11:31, 6.08, 21.10, 89.74
12:11:32, 6.08, 21.30, 90.65
12:11:33, 6.08, 21.40, 91.08
12:11:33, 6.08, 21.50, 91.56
12:11:34, 6.09, 21.70, 92.48
12:11:35, 6.09, 21.80, 92.96
12:11:36, 6.10, 22.00, 93.88
12:11:37, 6.10, 22.10, 94.37
12:11:37, 6.10, 22.30, 95.22
12:11:38, 6.10, 22.40, 95.71
12:11:39, 6.11, 22.60, 96.63
12:11:40, 6.11, 22.80, 97.48
12:11:41, 6.12, 23.00, 98.47
12:11:41, 6.12, 23.20, 99.39
12:11:42, 6.12, 23.50, 100.74
12:11:43, 6.13, 23.90, 102.59
12:11:44, 6.14, 24.80, 106.59
12:11:45, 6.16, 25.40, 109.45
12:11:45, 6.16, 25.20, 108.66
12:11:46, 6.16, 25.30, 109.02
12:11:47, 6.16, 25.60, 110.39
12:11:48, 6.16, 25.50, 110.03
12:11:49, 6.16, 25.30, 109.02
12:11:49, 6.16, 25.50, 109.96
12:11:50, 6.16, 25.90, 111.75
12:11:51, 6.18, 27.70, 119.83
12:11:52, 6.20, 28.80, 125.07
12:11:53, 6.21, 27.80, 120.81
12:11:53, 6.18, 25.90, 112.04
12:11:54, 6.16, 24.60, 106.01
12:11:55, 6.14, 23.40, 100.51
12:11:56, 6.12, 22.40, 95.90
12:11:57, 6.10, 21.90, 93.57
12:11:57, 6.09, 21.40, 91.26
12:11:58, 6.09, 21.10, 89.92
12:11:59, 6.08, 20.90, 89.01
12:12:0, 6.08, 20.80, 88.52
12:12:1, 6.08, 20.60, 87.62
12:12:1, 6.08, 20.50, 87.19
12:12:2, 6.08, 20.40, 86.77
12:12:3, 6.07, 20.30, 86.28
12:12:4, 6.07, 20.20, 85.86
12:12:5, 6.07, 20.20, 85.80
12:12:5, 6.07, 20.10, 85.38
12:12:6, 6.07, 20.10, 85.38
12:12:7, 6.07, 20.10, 85.38
12:12:8, 6.07, 20.00, 84.95
12:12:9, 6.07, 20.00, 84.95
12:12:10, 6.07, 20.00, 84.95
12:12:10, 6.07, 20.00, 85.01
12:12:11, 6.07, 19.90, 84.58
12:12:12, 6.07, 20.00, 85.01
12:12:13, 6.07, 20.00, 85.01
12:12:14, 6.07, 19.90, 84.58
12:12:14, 6.07, 20.00, 85.01
12:12:15, 6.07, 19.90, 84.58
12:12:16, 6.07, 20.00, 85.01
12:12:17, 6.07, 19.90, 84.58
12:12:18, 6.07, 19.90, 84.58
12:12:18, 6.07, 19.90, 84.58
12:12:19, 6.08, 19.90, 84.64
12:12:20, 6.07, 19.90, 84.58
12:12:21, 6.08, 19.90, 84.64
12:12:22, 6.08, 19.90, 84.64
12:12:22, 6.08, 20.00, 85.06
12:12:23, 6.08, 19.90, 84.69
12:12:24, 6.08, 20.00, 85.06
12:12:25, 6.08, 19.90, 84.64
12:12:26, 6.08, 19.90, 84.69
12:12:26, 6.08, 20.00, 85.12
12:12:27, 6.08, 20.00, 85.12
12:12:28, 6.08, 20.00, 85.18
12:12:29, 6.08, 20.00, 85.18
12:12:30, 6.08, 20.00, 85.18
12:12:30, 6.08, 20.10, 85.60
12:12:31, 6.08, 20.00, 85.18
12:12:32, 6.08, 20.00, 85.18
12:12:33, 6.09, 20.10, 85.66
12:12:34, 6.09, 20.10, 85.66
12:12:34, 6.09, 20.20, 86.14
12:12:35, 6.09, 20.10, 85.66
12:12:36, 6.09, 20.20, 86.14
12:12:37, 6.10, 20.20, 86.20
12:12:38, 6.10, 20.20, 86.20
12:12:38, 6.10, 20.20, 86.20
12:12:39, 6.10, 20.30, 86.62
12:12:40, 6.10, 20.40, 87.05
12:12:41, 6.10, 20.30, 86.62
12:12:42, 6.10, 20.40, 87.11
12:12:42, 6.10, 20.50, 87.53
12:12:43, 6.10, 20.50, 87.59
12:12:44, 6.10, 20.50, 87.59
12:12:45, 6.10, 20.50, 87.59
12:12:46, 6.10, 20.60, 88.02
12:12:46, 6.10, 20.60, 88.02
12:12:47, 6.11, 20.60, 88.08
12:12:48, 6.11, 20.70, 88.50
12:12:49, 6.11, 20.70, 88.50
12:12:50, 6.11, 20.70, 88.50
12:12:51, 6.11, 20.70, 88.56
12:12:51, 6.11, 20.80, 88.99
12:12:52, 6.11, 20.80, 88.99
12:12:53, 6.12, 20.90, 89.48
12:12:54, 6.12, 20.90, 89.48
12:12:55, 6.12, 20.90, 89.48
12:12:55, 6.12, 20.90, 89.48
12:12:56, 6.12, 21.00, 89.96
12:12:57, 6.12, 21.00, 89.96
12:12:58, 6.12, 21.10, 90.39
12:12:59, 6.12, 21.10, 90.39
12:12:59, 6.12, 21.20, 90.88
12:13:0, 6.12, 21.30, 91.31
12:13:1, 6.12, 21.30, 91.31
12:13:2, 6.13, 21.40, 91.80
12:13:3, 6.13, 21.40, 91.80
12:13:3, 6.13, 21.50, 92.23
12:13:4, 6.13, 21.50, 92.29
12:13:5, 6.13, 21.60, 92.72
12:13:6, 6.14, 21.70, 93.21
12:13:7, 6.14, 21.70, 93.21
12:13:7, 6.14, 21.70, 93.21
12:13:8, 6.14, 21.70, 93.21
12:13:9, 6.14, 21.70, 93.21
12:13:10, 6.14, 21.80, 93.64
12:13:11, 6.14, 21.70, 93.27
12:13:11, 6.14, 21.70, 93.27
12:13:12, 6.14, 21.70, 93.21
12:13:13, 6.14, 21.70, 93.21
12:13:14, 6.14, 21.70, 93.27
12:13:15, 6.14, 21.60, 92.84
12:13:15, 6.14, 21.70, 93.27
12:13:16, 6.14, 21.70, 93.27
12:13:17, 6.14, 21.80, 93.70
12:13:18, 6.14, 21.90, 94.13
12:13:19, 6.14, 21.90, 94.19
12:13:19, 6.14, 22.10, 95.05
12:13:20, 6.15, 22.20, 95.54
12:13:21, 6.15, 22.20, 95.60
12:13:22, 6.15, 22.30, 96.03
12:13:23, 6.15, 22.30, 96.03
12:13:23, 6.15, 22.40, 96.46
12:13:24, 6.15, 22.30, 96.03
12:13:25, 6.15, 22.30, 96.03
12:13:26, 6.16, 23.50, 101.40
12:13:27, 6.18, 23.20, 100.30
12:13:27, 6.16, 22.50, 97.08
12:13:28, 6.16, 22.30, 96.10
12:13:29, 6.16, 22.40, 96.53
12:13:30, 6.16, 22.50, 96.96
12:13:31, 6.16, 22.60, 97.45
12:13:31, 6.16, 22.60, 97.45
12:13:32, 6.16, 22.80, 98.38
12:13:33, 6.16, 22.80, 98.38
12:13:34, 6.16, 22.80, 98.38
12:13:35, 6.17, 22.90, 98.87
12:13:36, 6.17, 23.00, 99.30
12:13:36, 6.17, 23.10, 99.74
12:13:37, 6.17, 23.10, 99.74
12:13:38, 6.17, 23.30, 100.67
12:13:39, 6.18, 23.30, 100.73
12:13:40, 6.18, 23.40, 101.16
12:13:40, 6.18, 23.50, 101.60
12:13:41, 6.18, 23.60, 102.03
12:13:42, 6.18, 23.70, 102.46
12:13:43, 6.18, 23.80, 102.96
12:13:44, 6.18, 23.90, 103.46
12:13:44, 6.18, 24.00, 103.89
12:13:45, 6.19, 24.20, 104.82
12:13:46, 6.19, 24.40, 105.69
12:13:47, 6.19, 24.50, 106.19
12:13:48, 6.20, 24.80, 107.56
12:13:48, 6.20, 24.90, 108.00
12:13:49, 6.20, 25.10, 108.93
12:13:50, 6.20, 25.40, 110.31
12:13:51, 6.21, 25.60, 111.25
12:13:52, 6.21, 25.90, 112.62
12:13:52, 6.22, 26.20, 114.00
12:13:53, 6.22, 26.50, 115.38
12:13:54, 6.23, 27.00, 117.71
12:13:55, 6.24, 29.20, 127.55
12:13:56, 6.29, 34.10, 150.19
12:13:56, 6.35, 38.80, 172.41
12:13:57, 6.39, 44.70, 200.01
12:13:58, 6.48, 62.00, 281.23
12:13:59, 6.60, 79.80, 368.45
12:14:0, 6.66, 89.20, 415.85
12:14:0, 6.67, 87.30, 407.73
12:14:1, 6.65, 84.00, 391.14
12:14:2, 6.65, 85.30, 396.95
12:14:3, 6.64, 76.60, 355.82
12:14:4, 6.58, 64.80, 298.29
12:14:4, 6.53, 57.70, 263.67
12:14:5, 6.49, 55.90, 253.88
12:14:6, 6.50, 56.50, 256.92
12:14:7, 6.49, 55.30, 251.15
12:14:8, 6.50, 62.50, 284.55
12:14:8, 6.56, 74.30, 341.39
12:14:9, 6.62, 88.70, 411.28
12:14:10, 6.68, 97.90, 457.51
12:14:11, 6.70, 99.20, 464.97
12:14:12, 6.68, 93.80, 438.61
12:14:12, 6.66, 89.20, 415.85
12:14:13, 6.64, 85.30, 396.47
12:14:14, 6.62, 80.50, 373.04
12:14:15, 6.61, 82.80, 383.00
12:14:16, 6.63, 90.10, 418.28
12:14:17, 6.66, 95.40, 444.75
12:14:17, 6.66, 93.90, 438.02
12:14:18, 6.65, 87.80, 408.59
12:14:19, 6.62, 84.60, 392.04
12:14:20, 6.63, 91.50, 424.52
12:14:21, 6.66, 99.70, 464.80
12:14:21, 6.66, 88.80, 413.99
12:14:22, 6.58, 66.00, 304.18
12:14:23, 6.44, 45.80, 206.47
12:14:24, 6.33, 36.30, 160.90
12:14:25, 6.28, 36.90, 162.32
12:14:25, 6.31, 39.10, 172.65
12:14:26, 6.34, 41.50, 184.06
12:14:27, 6.36, 47.50, 211.60
12:14:28, 6.44, 58.00, 261.30
12:14:29, 6.49, 63.00, 286.30
12:14:29, 6.49, 57.60, 261.60
12:14:30, 6.44, 52.80, 238.17
12:14:31, 6.44, 55.40, 249.59
12:14:32, 6.46, 58.10, 262.57
12:14:33, 6.47, 58.90, 266.68
12:14:33, 6.47, 56.80, 257.17
12:14:34, 6.43, 47.90, 215.53
12:14:35, 6.34, 39.20, 174.08
12:14:36, 6.29, 34.90, 153.71
12:14:37, 6.25, 31.70, 138.64
12:14:37, 6.21, 29.80, 129.58
12:14:38, 6.20, 28.50, 123.61
12:14:39, 6.18, 27.80, 120.26
12:14:40, 6.18, 27.80, 120.26
12:14:41, 6.18, 27.60, 119.40
12:14:41, 6.17, 27.00, 116.65
12:14:42, 6.16, 26.50, 114.34
12:14:43, 6.16, 26.30, 113.41
12:14:44, 6.16, 26.30, 113.41
12:14:45, 6.16, 26.00, 112.04
12:14:45, 6.16, 26.00, 112.04
12:14:46, 6.16, 26.00, 112.04
12:14:47, 6.16, 26.00, 112.04
12:14:48, 6.16, 26.10, 112.47
12:14:49, 6.16, 26.50, 114.27
12:14:49, 6.17, 27.50, 118.81
12:14:50, 6.19, 28.90, 125.26
12:14:51, 6.21, 29.90, 129.93
12:14:52, 6.22, 30.40, 132.28
12:14:53, 6.22, 30.70, 133.75
12:14:53, 6.22, 30.00, 130.62
12:14:54, 6.21, 30.00, 130.45
12:14:55, 6.22, 31.20, 135.93
12:14:56, 6.24, 32.90, 143.80
12:14:57, 6.27, 36.10, 158.39
12:14:58, 6.31, 39.20, 173.09
12:14:58, 6.33, 39.10, 173.31
12:14:59, 6.29, 33.50, 147.55
12:15:0, 6.24, 29.50, 128.77
12:15:1, 6.19, 26.80, 116.16
12:15:2, 6.16, 25.10, 108.23
12:15:2, 6.14, 24.60, 105.80
12:15:3, 6.14, 24.20, 103.94
12:15:4, 6.13, 23.80, 102.09
12:15:5, 6.13, 23.40, 100.38
12:15:6, 6.11, 22.80, 97.55
12:15:6, 6.11, 22.30, 95.35
12:15:7, 6.10, 22.10, 94.37
12:15:8, 6.09, 21.80, 92.96
12:15:9, 6.09, 21.50, 91.68
12:15:10, 6.09, 21.30, 90.77
12:15:10, 6.08, 21.10, 89.86
12:15:11, 6.08, 21.00, 89.32
12:15:12, 6.08, 20.70, 88.04
12:15:13, 6.08, 20.70, 88.04
12:15:14, 6.07, 20.60, 87.56
12:15:14, 6.07, 20.40, 86.65
12:15:15, 6.07, 20.40, 86.65
12:15:16, 6.06, 20.20, 85.74
12:15:17, 6.06, 20.10, 85.32
12:15:18, 6.06, 20.00, 84.84
12:15:18, 6.06, 20.00, 84.84
12:15:19, 6.06, 19.90, 84.42
12:15:20, 6.06, 19.80, 83.94
12:15:21, 6.06, 19.70, 83.51
12:15:22, 6.06, 19.70, 83.51
12:15:22, 6.06, 19.60, 83.09
12:15:23, 6.05, 19.60, 83.03
12:15:24, 6.05, 19.50, 82.61
12:15:25, 6.05, 19.50, 82.61
12:15:26, 6.05, 19.40, 82.19
12:15:26, 6.05, 19.40, 82.19
12:15:27, 6.05, 19.30, 81.76
12:15:28, 6.05, 19.30, 81.76
12:15:29, 6.05, 19.30, 81.76
12:15:30, 6.05, 19.20, 81.29
12:15:30, 6.05, 19.20, 81.29
12:15:31, 6.05, 19.20, 81.29
12:15:32, 6.05, 19.10, 80.86
12:15:33, 6.05, 19.10, 80.86
12:15:34, 6.05, 19.00, 80.44
12:15:34, 6.05, 18.90, 80.02
12:15:35, 6.05, 19.00, 80.44
12:15:36, 6.05, 18.90, 80.02
12:15:37, 6.04, 18.90, 79.96
12:15:38, 6.04, 18.90, 79.96
12:15:39, 6.04, 18.80, 79.54
12:15:39, 6.04, 18.80, 79.54
12:15:40, 6.04, 18.80, 79.54
12:15:41, 6.04, 18.70, 79.12
12:15:42, 6.04, 18.60, 78.64
12:15:43, 6.04, 18.60, 78.69
12:15:43, 6.04, 18.50, 78.22
12:15:44, 6.04, 18.60, 78.64
12:15:45, 6.04, 18.50, 78.22
12:15:46, 6.04, 18.50, 78.22
12:15:47, 6.04, 18.50, 78.22
12:15:47, 6.04, 18.40, 77.80
12:15:48, 6.04, 18.50, 78.22
12:15:49, 6.04, 18.40, 77.80
12:15:50, 6.04, 18.40, 77.80
12:15:51, 6.04, 18.40, 77.80
12:15:51, 6.04, 18.30, 77.37
12:15:52, 6.04, 18.30, 77.37
12:15:53, 6.04, 18.30, 77.37
12:15:54, 6.04, 18.30, 77.37
12:15:55, 6.04, 18.20, 76.95
12:15:55, 6.04, 18.20, 76.95
12:15:56, 6.04, 18.30, 77.37
12:15:57, 6.04, 18.20, 76.95
12:15:58, 6.04, 18.30, 77.37
12:15:59, 6.04, 18.20, 76.95
12:15:59, 6.04, 18.20, 76.95
12:16:0, 6.04, 18.20, 76.95
12:16:1, 6.04, 18.20, 76.95
12:16:2, 6.04, 18.20, 76.95
12:16:3, 6.04, 18.20, 76.95
12:16:3, 6.04, 18.20, 76.95
12:16:4, 6.04, 18.20, 77.00
12:16:5, 6.04, 18.20, 77.00
12:16:6, 6.04, 18.20, 77.00
12:16:7, 6.04, 18.20, 77.00
12:16:7, 6.04, 18.30, 77.42
12:16:8, 6.04, 18.20, 77.00
12:16:9, 6.04, 18.30, 77.42
12:16:10, 6.04, 18.30, 77.42
12:16:11, 6.04, 18.30, 77.42
12:16:11, 6.04, 18.30, 77.42
12:16:12, 6.05, 18.30, 77.47
12:16:13, 6.05, 18.30, 77.47
12:16:14, 6.05, 18.30, 77.47
12:16:15, 6.05, 18.40, 77.90
12:16:15, 6.05, 18.30, 77.47
12:16:16, 6.05, 18.30, 77.47
12:16:17, 6.05, 18.30, 77.47
12:16:18, 6.05, 18.30, 77.47
12:16:19, 6.05, 18.40, 77.90
12:16:20, 6.05, 18.40, 77.90
12:16:20, 6.05, 18.40, 77.90
12:16:21, 6.05, 18.40, 77.95
12:16:22, 6.05, 18.50, 78.37
12:16:23, 6.05, 18.40, 77.90
12:16:24, 6.05, 18.40, 77.90
12:16:24, 6.05, 18.50, 78.37
12:16:25, 6.05, 18.50, 78.37
12:16:26, 6.05, 18.50, 78.37
12:16:27, 6.06, 18.50, 78.43
12:16:28, 6.05, 18.50, 78.37
12:16:28, 6.05, 18.50, 78.37
12:16:29, 6.05, 18.60, 78.80
12:16:30, 6.05, 18.50, 78.37
12:16:31, 6.06, 18.60, 78.85
12:16:32, 6.06, 18.60, 78.85
12:16:32, 6.06, 18.60, 78.85
12:16:33, 6.06, 18.60, 78.85
12:16:34, 6.06, 18.60, 78.85
12:16:35, 6.06, 18.70, 79.27
12:16:36, 6.06, 18.70, 79.27
12:16:36, 6.06, 18.70, 79.33
12:16:37, 6.06, 18.70, 79.33
12:16:38, 6.06, 18.80, 79.75
12:16:39, 6.06, 18.40, 78.00
12:16:40, 6.05, 18.20, 77.05
12:16:40, 6.05, 18.40, 77.95
12:16:41, 6.06, 18.50, 78.43
12:16:42, 6.05, 18.20, 77.10
12:16:43, 6.05, 18.30, 77.53
12:16:44, 6.05, 18.40, 77.95
12:16:44, 6.05, 18.30, 77.53
12:16:45, 6.07, 19.10, 81.13
12:16:46, 6.07, 19.00, 80.76
12:16:47, 6.06, 18.80, 79.75
12:16:48, 6.06, 18.70, 79.38
12:16:48, 6.06, 19.30, 81.92
12:16:49, 6.08, 19.30, 82.09
12:16:50, 6.08, 19.30, 82.09
12:16:51, 6.08, 19.40, 82.51
12:16:52, 6.08, 19.40, 82.57
12:16:52, 6.08, 19.50, 82.99
12:16:53, 6.08, 19.60, 83.47
12:16:54, 6.08, 19.70, 83.84
12:16:55, 6.08, 19.70, 83.90
12:16:56, 6.08, 19.70, 83.90
12:16:56, 6.08, 19.80, 84.32
12:16:57, 6.09, 19.80, 84.38
12:16:58, 6.09, 19.90, 84.81
12:16:59, 6.09, 20.00, 85.29
12:17:0, 6.09, 20.00, 85.29
12:17:1, 6.10, 20.10, 85.77
12:17:1, 6.10, 20.10, 85.77
12:17:2, 6.10, 20.30, 86.62
12:17:3, 6.10, 20.30, 86.68
12:17:4, 6.10, 20.50, 87.59
12:17:5, 6.10, 20.60, 88.02
12:17:5, 6.11, 20.70, 88.50
12:17:6, 6.11, 20.90, 89.36
12:17:7, 6.11, 21.00, 89.85
12:17:8, 6.12, 21.20, 90.82
12:17:9, 6.12, 21.40, 91.68
12:17:9, 6.12, 21.60, 92.59
12:17:10, 6.13, 21.80, 93.57
12:17:11, 6.13, 22.10, 94.86
12:17:12, 6.14, 22.30, 95.85
12:17:13, 6.14, 22.70, 97.63
12:17:13, 6.15, 23.10, 99.48
12:17:14, 6.16, 23.60, 101.76
12:17:15, 6.17, 24.10, 104.05
12:17:16, 6.18, 25.10, 108.65
12:17:17, 6.20, 26.80, 116.31
12:17:17, 6.23, 28.70, 125.20
12:17:18, 6.26, 30.80, 134.88
12:17:19, 6.29, 33.20, 146.13
12:17:20, 6.32, 35.60, 157.39
12:17:21, 6.34, 36.90, 163.76
12:17:21, 6.35, 39.00, 173.30
12:17:22, 6.38, 41.70, 186.23
12:17:23, 6.40, 43.10, 193.09
12:17:24, 6.40, 43.00, 192.52
12:17:25, 6.40, 44.70, 200.38
12:17:25, 6.42, 47.00, 211.22
12:17:26, 6.45, 52.00, 234.71
12:17:27, 6.50, 58.80, 267.38
12:17:28, 6.53, 63.90, 292.00
12:17:29, 6.56, 71.60, 328.79
12:17:29, 6.61, 82.30, 380.69
12:17:30, 6.65, 89.00, 414.17
12:17:31, 6.66, 90.40, 421.70
12:17:32, 6.65, 84.80, 394.86
12:17:33, 6.62, 78.30, 362.84
12:17:33, 6.59, 73.60, 339.62
12:17:34, 6.58, 73.50, 338.34
12:17:35, 6.59, 76.70, 353.71
12:17:36, 6.60, 80.80, 373.52
12:17:37, 6.62, 83.20, 385.55
12:17:37, 6.62, 84.10, 389.72
12:17:38, 6.62, 85.80, 397.84
12:17:39, 6.64, 90.30, 419.46
12:17:40, 6.66, 96.00, 447.28
12:17:41, 6.67, 100.30, 468.44
12:17:41, 6.68, 96.90, 452.83
12:17:42, 6.64, 86.80, 403.69
12:17:43, 6.60, 78.60, 363.13
12:17:44, 6.58, 78.20, 360.19
12:17:45, 6.60, 83.60, 386.00
12:17:46, 6.61, 82.10, 379.76
12:17:46, 6.58, 70.70, 325.45
12:17:47, 6.49, 53.50, 243.13
12:17:48, 6.38, 41.80, 186.68
12:17:49, 6.34, 40.70, 180.51
12:17:50, 6.32, 38.10, 168.66
12:17:50, 6.28, 32.40, 142.52
12:17:51, 6.20, 27.50, 119.35
12:17:52, 6.16, 26.00, 112.18
12:17:53, 6.15, 25.70, 110.67
12:17:54, 6.15, 25.60, 110.24
12:17:54, 6.15, 25.50, 109.81
12:17:55, 6.15, 25.60, 110.24
12:17:56, 6.15, 25.50, 109.81
12:17:57, 6.15, 25.50, 109.81
12:17:58, 6.15, 25.50, 109.81
12:17:58, 6.15, 25.40, 109.38
12:17:59, 6.15, 25.30, 108.88
12:18:0, 6.15, 25.40, 109.31
12:18:1, 6.15, 25.50, 109.81
12:18:2, 6.15, 25.50, 109.81
12:18:2, 6.15, 25.30, 108.95
12:18:3, 6.15, 25.10, 108.02
12:18:4, 6.15, 25.10, 108.02
12:18:5, 6.14, 25.00, 107.52
12:18:6, 6.14, 25.00, 107.52
12:18:6, 6.14, 24.80, 106.66
12:18:7, 6.14, 24.70, 106.23
12:18:8, 6.14, 24.60, 105.73
12:18:9, 6.14, 24.50, 105.30
12:18:10, 6.14, 24.40, 104.80
12:18:10, 6.14, 24.30, 104.37
12:18:11, 6.14, 24.20, 103.94
12:18:12, 6.14, 24.20, 103.94
12:18:13, 6.14, 24.10, 103.51
12:18:14, 6.13, 24.10, 103.45
12:18:14, 6.14, 24.00, 103.08
12:18:15, 6.14, 24.00, 103.08
12:18:16, 6.14, 24.00, 103.08
12:18:17, 6.13, 24.10, 103.45
12:18:18, 6.14, 24.10, 103.51
12:18:18, 6.14, 24.20, 103.94
12:18:19, 6.14, 24.20, 104.01
12:18:20, 6.14, 24.30, 104.44
12:18:21, 6.14, 24.40, 104.94
12:18:22, 6.14, 24.50, 105.37
12:18:22, 6.15, 24.50, 105.44
12:18:23, 6.15, 24.70, 106.30
12:18:24, 6.16, 24.90, 107.30
12:18:25, 6.16, 25.00, 107.73
12:18:26, 6.16, 25.20, 108.66
12:18:27, 6.16, 25.40, 109.60
12:18:27, 6.17, 25.60, 110.53
12:18:28, 6.17, 25.90, 111.90
12:18:29, 6.18, 26.10, 112.84
12:18:30, 6.18, 26.40, 114.28
12:18:31, 6.18, 26.60, 115.15
12:18:31, 6.19, 26.90, 116.60
12:18:32, 6.19, 26.90, 116.60
12:18:33, 6.19, 26.70, 115.73
12:18:34, 6.19, 26.50, 114.79
12:18:35, 6.18, 26.40, 114.28
12:18:35, 6.18, 26.30, 113.85
12:18:36, 6.18, 26.20, 113.41
12:18:37, 6.18, 26.10, 112.91
12:18:38, 6.18, 26.40, 114.28
12:18:39, 6.19, 26.50, 114.79
12:18:39, 6.19, 26.10, 113.05
12:18:40, 6.18, 25.70, 111.18
12:18:41, 6.18, 25.60, 110.67
12:18:42, 6.18, 25.70, 111.11
12:18:43, 6.18, 25.50, 110.24
12:18:43, 6.17, 25.30, 109.31
12:18:44, 6.17, 25.10, 108.37
12:18:45, 6.17, 25.10, 108.37
12:18:46, 6.17, 25.20, 108.80
12:18:47, 6.17, 25.20, 108.80
12:18:47, 6.17, 25.40, 109.67
12:18:48, 6.17, 25.50, 110.17
12:18:49, 6.18, 25.80, 111.54
12:18:50, 6.18, 26.00, 112.48
12:18:51, 6.18, 26.40, 114.28
12:19:21, 6.46, 64.30, 290.94
12:19:22, 6.48, 78.10, 354.26
12:19:23, 6.56, 94.80, 435.59
12:19:24, 6.60, 97.70, 451.37
12:19:24, 6.60, 96.10, 443.71
12:19:25, 6.58, 92.70, 427.24
12:19:26, 6.57, 88.30, 405.97
12:19:27, 6.56, 87.80, 402.93
12:19:28, 6.56, 89.50, 410.98
12:19:28, 6.56, 90.10, 413.74
12:19:29, 6.56, 90.90, 417.67
12:19:30, 6.56, 87.80, 403.18
12:19:31, 6.54, 83.60, 382.72
12:19:32, 6.53, 86.50, 395.51
12:19:32, 6.56, 92.90, 426.34
12:19:33, 6.57, 95.20, 437.96
12:19:34, 6.58, 96.60, 444.67
12:19:35, 6.58, 96.40, 444.02
12:19:36, 6.57, 94.80, 436.12
12:19:36, 6.56, 90.20, 414.45
12:19:37, 6.52, 75.30, 343.67
12:19:38, 6.44, 59.60, 268.51
12:19:39, 6.36, 50.10, 223.19
12:19:40, 6.28, 37.40, 164.52
12:19:40, 6.16, 29.70, 128.07
12:19:41, 6.12, 28.10, 120.30
12:19:42, 6.10, 26.90, 114.86
12:19:43, 6.09, 27.10, 115.57
12:19:44, 6.10, 27.20, 116.07
12:19:44, 6.10, 27.40, 117.00
12:19:45, 6.10, 27.60, 117.93
12:19:46, 6.11, 28.10, 120.14
12:19:47, 6.12, 29.30, 125.52
12:19:48, 6.14, 32.40, 139.35
12:19:49, 6.20, 36.70, 159.28
12:19:49, 6.23, 38.10, 166.21
12:19:50, 6.24, 38.80, 169.48
12:19:51, 6.24, 39.30, 171.77
12:19:52, 6.25, 40.50, 177.24
12:19:53, 6.28, 45.30, 199.27
12:19:53, 6.32, 48.40, 213.99
12:19:54, 6.34, 52.80, 234.47
12:19:55, 6.39, 64.80, 289.94
12:19:56, 6.49, 83.10, 377.41
12:19:57, 6.56, 96.00, 440.83
12:19:57, 6.60, 102.90, 475.11
12:19:58, 6.61, 106.50, 492.63
12:19:59, 6.62, 107.80, 499.24
12:20:0, 6.62, 107.40, 497.39
12:20:1, 6.61, 105.10, 486.44
12:20:1, 6.60, 99.90, 461.54
12:20:2, 6.57, 89.30, 410.57
12:20:3, 6.53, 84.10, 384.30
12:20:4, 6.53, 88.30, 403.50
12:20:5, 6.54, 89.40, 409.27
12:20:5, 6.55, 90.80, 416.19
12:20:6, 6.55, 95.00, 435.71
12:20:7, 6.56, 92.50, 425.02
12:20:8, 6.54, 82.70, 378.37
12:20:9, 6.49, 72.10, 327.45
12:20:9, 6.43, 61.50, 276.90
12:20:10, 6.38, 59.00, 263.49
12:20:11, 6.42, 70.60, 317.28
12:20:12, 6.48, 75.00, 339.99
12:20:13, 6.47, 73.30, 331.87
12:20:13, 6.48, 78.60, 356.31
12:20:14, 6.50, 81.20, 369.69
12:20:15, 6.49, 74.80, 339.92
12:20:16, 6.45, 64.10, 289.32
12:20:17, 6.38, 54.10, 241.76
12:20:17, 6.32, 45.30, 200.41
12:20:18, 6.24, 35.90, 156.81
12:20:19, 6.16, 30.40, 131.00
12:20:20, 6.12, 29.10, 124.66
12:20:21, 6.12, 29.30, 125.44
12:20:21, 6.12, 30.00, 128.60
12:20:22, 6.14, 30.80, 132.29
12:20:23, 6.15, 31.90, 137.28
12:20:24, 6.17, 34.50, 148.96
12:20:25, 6.22, 42.40, 184.73
12:20:25, 6.31, 48.80, 215.48
12:20:26, 6.32, 45.60, 201.61
12:20:27, 6.26, 36.90, 161.70
12:20:28, 6.18, 31.30, 135.32
12:20:29, 6.13, 28.50, 122.25
12:20:30, 6.11, 27.90, 119.29
12:20:38, 6.13, 29.10, 124.91
12:20:38, 6.14, 29.60, 127.14
12:20:39, 6.15, 31.00, 133.41
12:20:40, 6.17, 32.90, 142.14
12:20:41, 6.19, 34.20, 148.24
12:20:42, 6.21, 38.80, 168.61
12:20:42, 6.30, 50.40, 222.26
12:20:43, 6.39, 60.10, 268.74
12:20:44, 6.42, 60.40, 271.27
12:20:45, 6.42, 61.10, 274.58
12:20:46, 6.43, 65.90, 296.71
12:20:46, 6.46, 67.30, 304.14
12:20:47, 6.44, 64.80, 292.30
12:20:48, 6.44, 67.20, 302.75
12:20:49, 6.47, 74.70, 338.42
12:20:50, 6.51, 83.10, 378.57
12:20:50, 6.54, 88.20, 403.78
12:20:51, 6.54, 84.30, 386.16
12:20:52, 6.50, 68.60, 311.94
12:20:53, 6.40, 51.90, 232.37
12:20:54, 6.33, 50.60, 224.14
12:20:54, 6.37, 61.30, 273.42
12:20:55, 6.43, 67.00, 301.66
12:20:56, 6.43, 60.00, 269.98
12:20:57, 6.36, 47.90, 213.12
12:20:58, 6.28, 44.00, 193.42
12:20:58, 6.30, 50.50, 222.70
12:20:59, 6.37, 60.40, 269.24
12:21:0, 6.43, 70.90, 319.22
12:21:1, 6.48, 78.40, 355.62
12:21:2, 6.51, 82.80, 377.20
12:21:2, 6.52, 85.50, 389.98
12:21:3, 6.53, 88.60, 405.11
12:21:4, 6.54, 93.60, 428.76
12:21:5, 6.56, 96.80, 444.51
12:21:6, 6.56, 96.00, 441.10
12:21:6, 6.56, 89.80, 412.11
12:21:7, 6.50, 75.20, 342.37
12:21:8, 6.44, 61.30, 276.17
12:21:9, 6.36, 48.90, 217.57
12:21:10, 6.26, 38.80, 170.02
12:21:11, 6.20, 33.80, 146.60
12:21:11, 6.16, 32.80, 141.43
12:21:12, 6.17, 34.90, 150.78
12:21:13, 6.20, 38.60, 167.63
12:21:14, 6.27, 48.30, 211.92
12:21:15, 6.36, 62.30, 277.53
12:21:15, 6.43, 63.90, 287.70
12:21:16, 6.40, 55.40, 248.19
12:21:17, 6.32, 44.20, 195.42
12:21:18, 6.25, 37.10, 162.26
12:21:19, 6.19, 33.70, 145.97
12:21:19, 6.15, 29.30, 126.10
12:21:20, 6.10, 26.40, 112.73
12:21:21, 6.07, 25.90, 110.01
12:21:22, 6.08, 26.30, 111.93
12:21:23, 6.07, 25.30, 107.54
12:21:23, 6.05, 24.00, 101.67
12:21:24, 6.04, 23.60, 99.78
12:24:14, 5.95, 13.40, 55.79
12:24:15, 5.95, 13.30, 55.38
12:24:16, 5.95, 13.30, 55.38
12:24:17, 5.95, 13.20, 54.96
12:24:17, 5.95, 13.30, 55.38
12:24:18, 5.95, 13.30, 55.38
12:24:19, 5.95, 13.30, 55.38
12:24:20, 5.95, 13.30, 55.38
12:24:21, 5.95, 13.20, 54.96
12:24:21, 5.95, 13.20, 54.96
12:24:22, 5.95, 13.20, 54.96
12:24:23, 5.95, 13.20, 54.96
12:24:24, 5.95, 13.30, 55.38
12:24:25, 5.95, 13.20, 54.96
12:24:25, 5.95, 13.20, 54.96
12:24:26, 5.95, 13.20, 54.96
12:24:27, 5.95, 13.20, 54.96
12:24:28, 5.95, 13.20, 54.96
12:24:29, 5.95, 13.20, 54.96
12:24:29, 5.95, 13.20, 54.96
12:24:30, 5.95, 13.20, 54.96
12:24:31, 5.95, 13.20, 54.96
12:24:32, 5.95, 13.20, 54.96
12:24:33, 5.95, 13.20, 54.96
12:24:33, 5.95, 13.10, 54.54
12:24:34, 5.95, 13.10, 54.54
12:24:35, 5.95, 13.10, 54.54
12:24:36, 5.95, 13.20, 54.96
12:24:37, 5.95, 13.10, 54.54
12:24:38, 5.95, 13.10, 54.54
12:24:38, 5.95, 13.10, 54.54
12:24:39, 5.95, 13.10, 54.58
12:24:40, 5.95, 13.10, 54.54
12:24:41, 5.95, 13.10, 54.54
12:24:42, 5.95, 13.10, 54.54
12:24:42, 5.95, 13.00, 54.13
12:24:43, 5.95, 13.00, 54.13
12:24:44, 5.95, 13.10, 54.54
12:24:45, 5.95, 13.10, 54.54
12:24:46, 5.95, 13.10, 54.54
12:24:46, 5.95, 13.10, 54.58
12:24:47, 5.95, 13.00, 54.16
12:24:48, 5.95, 13.00, 54.13
12:24:49, 5.95, 13.00, 54.13
12:24:50, 5.95, 13.00, 54.16
12:24:50, 5.95, 13.10, 54.58
12:24:51, 5.95, 13.10, 54.58
12:24:52, 5.95, 13.00, 54.16
12:24:53, 5.95, 13.10, 54.58
12:24:54, 5.95, 13.00, 54.16
12:24:54, 5.95, 13.00, 54.16
12:24:55, 5.95, 13.10, 54.58
12:24:56, 5.95, 13.10, 54.58
12:24:57, 5.96, 13.00, 54.20
12:24:58, 5.96, 13.10, 54.62
12:24:58, 5.95, 13.00, 54.16
12:24:59, 5.95, 13.10, 54.58
12:25:0, 5.96, 13.00, 54.20
12:25:1, 5.96, 13.10, 54.62
12:25:2, 5.96, 13.10, 54.62
12:31:31, 6.58, 105.40, 485.77
12:31:31, 6.58, 105.40, 485.77
12:31:32, 6.58, 105.40, 485.47
12:31:33, 6.58, 105.50, 485.93
12:31:34, 6.58, 105.50, 485.64
12:31:35, 6.58, 105.60, 486.10
12:31:36, 6.58, 105.60, 486.10
12:31:36, 6.58, 105.70, 486.56
12:31:37, 6.57, 105.60, 485.80
12:31:38, 6.57, 105.80, 486.72
12:31:39, 6.57, 105.80, 486.72
12:31:40, 6.57, 105.90, 487.18
12:31:40, 6.57, 105.90, 487.18
12:31:41, 6.57, 106.20, 488.27
12:31:42, 6.57, 106.20, 488.56
12:31:43, 6.57, 106.30, 488.72
12:31:44, 6.57, 106.30, 488.72
12:31:44, 6.57, 106.50, 489.64
12:31:45, 6.56, 106.60, 489.81
12:31:46, 6.56, 106.50, 489.35
12:31:47, 6.56, 106.70, 490.27
12:31:48, 6.56, 106.90, 491.18
12:31:48, 6.56, 107.10, 492.10
12:31:49, 6.56, 107.50, 493.94
12:31:50, 6.56, 107.60, 494.40
12:31:51, 6.56, 107.40, 493.18
12:31:52, 6.56, 106.00, 486.75
12:31:52, 6.54, 98.10, 449.10
12:31:53, 6.51, 83.30, 379.48
12:31:54, 6.42, 67.10, 301.36
12:31:55, 6.39, 71.50, 319.92
12:31:56, 6.43, 76.80, 345.57
12:31:56, 6.46, 86.50, 391.15
12:31:57, 6.49, 88.70, 403.09
12:31:58, 6.48, 81.80, 370.82
12:31:59, 6.44, 78.80, 355.45
12:32:0, 6.46, 90.20, 408.14
12:32:0, 6.50, 94.80, 431.61
12:32:1, 6.50, 92.40, 420.42
12:32:2, 6.51, 99.50, 453.28
12:32:3, 6.54, 107.20, 491.06
12:32:4, 6.55, 107.60, 493.50
12:32:4, 6.55, 106.90, 489.99
12:32:5, 6.55, 107.90, 494.57
12:32:6, 6.55, 108.70, 498.24
12:32:7, 6.55, 108.40, 497.17
12:32:8, 6.55, 107.80, 494.11
12:32:8, 6.54, 106.80, 489.23
12:32:9, 6.54, 103.90, 475.36
12:32:10, 6.52, 98.60, 450.01
12:32:11, 6.51, 99.30, 452.37
12:32:12, 6.52, 102.80, 469.47
12:32:12, 6.52, 95.70, 436.77
12:32:13, 6.46, 74.10, 334.87
12:32:14, 6.36, 63.60, 283.33
12:32:15, 6.34, 59.80, 265.39
12:32:16, 6.28, 48.60, 213.78
12:32:17, 6.22, 43.90, 191.14
12:32:17, 6.20, 40.70, 176.64
12:32:18, 6.16, 39.10, 168.71
12:32:19, 6.18, 41.20, 178.12
12:32:20, 6.20, 42.50, 184.33
12:32:21, 6.22, 45.90, 199.72
12:32:21, 6.25, 49.20, 215.18
12:32:22, 6.28, 54.60, 240.02
12:32:23, 6.32, 60.30, 266.77
12:32:24, 6.34, 56.20, 249.26
12:39:14, 6.48, 105.80, 479.61
12:39:15, 6.48, 105.90, 480.07
12:39:15, 6.48, 106.10, 480.97
12:39:16, 6.48, 106.00, 480.52
12:39:17, 6.48, 106.20, 481.43
12:39:18, 6.48, 106.20, 481.43
12:39:19, 6.48, 106.30, 481.88
12:39:19, 6.48, 106.50, 482.79
12:39:20, 6.48, 106.70, 483.69
12:39:21, 6.48, 106.90, 484.60
12:39:22, 6.48, 106.80, 484.15
12:39:23, 6.48, 107.00, 485.05
12:39:23, 6.48, 107.10, 485.51
12:39:24, 6.48, 107.40, 487.17
12:39:25, 6.48, 107.30, 486.71
12:39:26, 6.48, 107.70, 488.53
12:39:27, 6.48, 107.90, 489.43
12:39:27, 6.48, 108.00, 489.89
12:39:28, 6.48, 108.30, 491.25
12:39:29, 6.48, 108.50, 492.16
12:39:30, 6.48, 108.80, 493.52
12:39:31, 6.48, 109.20, 495.33
12:39:31, 6.48, 109.40, 496.24
12:39:32, 6.48, 109.20, 495.64
12:39:33, 6.48, 107.60, 488.07
12:39:34, 6.46, 99.30, 449.31
12:39:35, 6.42, 86.90, 390.53
12:39:35, 6.37, 72.60, 323.83
12:39:36, 6.27, 49.90, 218.94
12:39:37, 6.10, 34.70, 148.27
12:39:38, 6.01, 29.10, 122.46
12:39:39, 5.96, 26.60, 110.98
12:39:39, 5.94, 26.00, 108.11
12:39:40, 5.94, 25.50, 105.96
12:39:41, 5.93, 25.10, 104.23
12:39:42, 5.93, 24.80, 102.91
12:39:43, 5.92, 24.50, 101.60
12:39:43, 5.92, 24.10, 99.87
12:39:44, 5.92, 23.90, 98.97
12:39:45, 5.92, 23.70, 98.15
12:39:46, 5.92, 23.60, 97.73
12:39:47, 5.92, 23.50, 97.32
12:39:48, 5.92, 23.30, 96.49
12:39:48, 5.92, 23.30, 96.49
12:39:49, 5.92, 23.30, 96.56
12:39:50, 5.92, 23.20, 96.14
12:39:51, 5.92, 23.20, 96.21
12:39:52, 5.92, 23.30, 96.62
12:39:52, 5.93, 23.30, 96.69
12:39:53, 5.93, 23.30, 96.69
12:39:54, 5.93, 23.30, 96.75
12:39:55, 5.94, 23.40, 97.23
12:39:56, 5.94, 23.50, 97.71
12:39:56, 5.94, 23.50, 97.78
12:39:57, 5.95, 23.70, 98.68
12:39:58, 5.95, 23.70, 98.74
12:39:59, 5.96, 23.80, 99.23
12:40:0, 5.96, 23.90, 99.71
12:40:0, 5.96, 24.10, 100.61
12:40:1, 5.97, 24.30, 101.52
12:40:2, 5.97, 24.50, 102.42
12:40:3, 5.98, 24.70, 103.33
12:40:4, 5.98, 25.00, 104.72
12:40:4, 5.99, 25.40, 106.47
12:40:5, 6.00, 25.80, 108.29
12:40:6, 6.00, 26.00, 109.27
12:40:7, 6.01, 26.20, 110.19
12:40:8, 6.01, 26.60, 111.94
12:40:8, 6.02, 27.00, 113.78
12:40:9, 6.03, 27.30, 115.27
12:40:10, 6.04, 27.70, 117.04
12:40:11, 6.04, 28.50, 120.58
12:40:12, 6.07, 32.60, 138.56
12:51:6, 6.11, 23.90, 102.25
12:51:6, 6.11, 23.90, 102.25
12:51:7, 6.11, 24.00, 102.68
12:51:8, 6.11, 24.00, 102.68
12:51:9, 6.11, 24.00, 102.68
12:51:10, 6.12, 23.90, 102.32
12:51:10, 6.12, 24.00, 102.75
12:51:11, 6.12, 23.90, 102.32
12:51:12, 6.12, 23.90, 102.32
12:51:13, 6.12, 24.00, 102.75
12:51:14, 6.12, 24.00, 102.75
12:51:14, 6.12, 24.00, 102.75
12:51:15, 6.12, 24.00, 102.82
12:51:16, 6.12, 24.10, 103.24
12:51:17, 6.12, 24.00, 102.82
12:51:18, 6.12, 24.10, 103.24
12:51:18, 6.12, 24.20, 103.67
12:51:19, 6.12, 24.20, 103.74
12:51:20, 6.12, 24.20, 103.74
12:51:21, 6.12, 24.30, 104.17
12:51:22, 6.12, 24.30, 104.17
12:51:22, 6.13, 24.30, 104.24
12:51:23, 6.13, 24.30, 104.24
12:51:24, 6.13, 24.30, 104.24
12:51:25, 6.13, 24.30, 104.24
12:51:26, 6.13, 24.40, 104.73
12:51:26, 6.13, 24.40, 104.73
12:51:27, 6.13, 24.40, 104.73
12:51:28, 6.13, 24.50, 105.16
12:51:29, 6.14, 24.50, 105.23
12:51:30, 6.13, 24.70, 106.02
12:51:30, 6.14, 24.60, 105.66
12:51:31, 6.14, 24.70, 106.09
12:51:32, 6.14, 24.70, 106.09
12:51:33, 6.14, 24.70, 106.09
12:51:34, 6.14, 24.80, 106.52
12:51:35, 6.14, 24.80, 106.59
12:51:35, 6.14, 24.80, 106.59
12:51:36, 6.14, 24.90, 107.02
12:51:37, 6.14, 24.90, 107.02
12:51:38, 6.14, 24.90, 107.09
12:51:39, 6.14, 24.90, 107.09
12:51:39, 6.14, 25.00, 107.52
12:51:40, 6.15, 25.10, 108.02
12:51:41, 6.15, 25.10, 108.02
12:51:42, 6.15, 25.20, 108.45
12:51:43, 6.15, 25.20, 108.52
12:51:43, 6.15, 25.30, 108.95
12:51:44, 6.15, 25.30, 108.95
12:51:45, 6.15, 25.30, 108.95
12:51:46, 6.16, 25.30, 109.02
12:51:47, 6.16, 25.40, 109.45
12:51:47, 6.16, 25.30, 109.02
12:51:48, 6.16, 25.40, 109.52
12:51:49, 6.16, 25.50, 109.96
12:51:50, 6.16, 25.50, 109.96
12:51:51, 6.16, 25.60, 110.39
12:51:51, 6.16, 25.60, 110.46
12:51:52, 6.16, 25.60, 110.46
12:51:53, 6.16, 25.60, 110.46
12:53:3, 6.28, 33.90, 149.12
12:53:4, 6.29, 34.00, 149.75
12:53:5, 6.28, 33.30, 146.48
12:53:5, 6.28, 32.60, 143.22
12:53:6, 6.27, 31.90, 139.96
12:53:7, 6.26, 31.60, 138.47
12:53:8, 6.26, 31.60, 138.47
12:53:9, 6.26, 31.50, 138.03
12:53:9, 6.26, 31.60, 138.47
12:53:10, 6.26, 31.80, 139.44
12:53:11, 6.26, 32.10, 140.75
12:53:12, 6.27, 33.00, 144.88
12:53:13, 6.28, 34.00, 149.56
12:53:13, 6.29, 34.70, 152.83
12:53:14, 6.30, 36.30, 160.18
12:53:15, 6.34, 40.90, 181.40
12:53:16, 6.38, 45.10, 201.42
12:53:17, 6.41, 46.70, 209.48
12:53:17, 6.41, 46.60, 209.16
12:53:18, 6.41, 45.80, 205.44
12:53:19, 6.39, 43.40, 194.19
12:53:20, 6.37, 40.90, 182.32
12:53:21, 6.35, 38.50, 171.08
12:53:21, 6.33, 36.90, 163.45
12:53:22, 6.31, 35.70, 157.74
12:53:23, 6.30, 35.20, 155.33
12:53:24, 6.30, 34.50, 152.14
12:53:25, 6.29, 34.10, 150.09
12:53:25, 6.29, 34.00, 149.75
12:53:26, 6.29, 33.70, 148.33
12:53:27, 6.28, 33.30, 146.48
12:53:28, 6.28, 33.10, 145.51
12:53:29, 6.28, 32.90, 144.54
12:53:29, 6.28, 32.50, 142.78
12:53:30, 6.27, 32.00, 140.40
12:53:31, 6.26, 31.40, 137.59
12:53:32, 6.26, 31.10, 136.19
12:53:33, 6.25, 30.90, 135.23
12:53:33, 6.25, 30.70, 134.36
12:53:34, 6.25, 30.70, 134.27
12:53:35, 6.25, 30.60, 133.83
12:53:36, 6.24, 30.50, 133.31
12:53:37, 6.24, 30.40, 132.87
12:53:38, 6.24, 30.40, 132.87
12:53:38, 6.24, 30.40, 132.87
12:53:39, 6.24, 30.40, 132.87
12:53:40, 6.24, 30.50, 133.31
12:53:41, 6.24, 30.40, 132.87
12:53:42, 6.24, 30.40, 132.87
12:53:42, 6.24, 30.50, 133.31
12:53:43, 6.25, 30.50, 133.39
12:53:44, 6.24, 30.50, 133.31
12:53:45, 6.25, 30.60, 133.83
12:53:46, 6.25, 30.70, 134.27
12:53:46, 6.25, 30.90, 135.14
12:53:47, 6.25, 30.90, 135.23
12:53:48, 6.25, 30.90, 135.23
12:53:49, 6.25, 31.10, 136.11
12:53:50, 6.26, 31.20, 136.63
12:53:50, 6.26, 31.30, 137.07
12:53:51, 6.26, 31.50, 138.03
12:53:52, 6.26, 31.80, 139.35
12:53:53, 6.27, 32.30, 141.72
12:53:54, 6.27, 32.70, 143.57
12:53:54, 6.28, 33.10, 145.41
12:53:55, 6.28, 33.70, 148.15
12:53:56, 6.29, 34.40, 151.42
12:53:57, 6.30, 34.80, 153.37
12:53:58, 6.30, 35.20, 155.23
12:53:58, 6.31, 37.30, 164.81
12:53:59, 6.34, 40.20, 178.41
12:54:0, 6.36, 41.40, 184.31
12:54:1, 6.36, 41.00, 182.65
12:54:2, 6.36, 40.30, 179.30
12:54:2, 6.36, 44.00, 195.89
12:54:3, 6.43, 57.40, 258.44
12:54:4, 6.53, 73.40, 335.61
12:54:5, 6.60, 79.50, 367.29
12:54:6, 6.60, 78.50, 362.45
12:54:6, 6.60, 82.40, 380.69
12:54:7, 6.64, 94.70, 439.90
12:54:8, 6.68, 105.10, 491.45
12:54:9, 6.71, 111.50, 523.56
12:54:10, 6.72, 112.40, 528.41
12:54:10, 6.71, 112.20, 527.16
12:54:11, 6.71, 111.80, 524.97
12:54:12, 6.70, 111.40, 522.78
12:54:13, 6.70, 111.20, 521.53
12:54:14, 6.70, 111.10, 521.06
12:54:14, 6.70, 110.90, 519.81
12:54:15, 6.70, 110.80, 519.34
12:54:16, 6.69, 110.60, 518.09
12:54:17, 6.69, 110.30, 516.69
12:54:18, 6.69, 110.30, 516.38
12:54:19, 6.69, 110.10, 515.44
12:54:19, 6.68, 110.10, 515.14
12:54:20, 6.68, 109.70, 513.26
12:54:21, 6.68, 109.90, 513.89
12:54:22, 6.68, 109.80, 513.42
12:54:23, 6.68, 109.80, 513.12
12:54:23, 6.68, 109.70, 512.65
12:54:24, 6.67, 109.60, 511.88
12:54:25, 6.67, 109.40, 510.94
12:54:26, 6.67, 109.30, 510.17
12:54:27, 6.67, 109.20, 509.70
12:54:27, 6.66, 109.30, 509.86
12:54:28, 6.66, 109.40, 510.33
12:54:29, 6.66, 109.40, 510.33
12:54:30, 6.66, 109.30, 509.86
12:54:31, 6.66, 109.30, 509.56
12:54:31, 6.66, 109.30, 509.56
12:54:32, 6.66, 109.30, 509.56
12:54:33, 6.66, 109.30, 509.25
12:54:34, 6.65, 109.10, 508.01
12:54:35, 6.65, 109.00, 507.55
12:54:35, 6.65, 109.00, 507.55
12:54:36, 6.65, 108.90, 506.78
12:54:37, 6.64, 108.60, 505.08
12:54:38, 6.64, 107.20, 498.27
12:54:39, 6.64, 107.20, 498.27
12:54:39, 6.64, 108.30, 503.38
12:54:40, 6.64, 108.50, 504.31
12:54:41, 6.64, 108.50, 504.00
12:54:42, 6.64, 108.10, 502.15
12:54:43, 6.63, 106.60, 494.88
12:54:43, 6.62, 105.90, 491.04
12:54:44, 6.62, 106.90, 495.67
12:54:45, 6.63, 108.50, 503.40
12:54:46, 6.63, 108.80, 505.09
12:54:47, 6.63, 108.80, 504.79
12:54:47, 6.63, 107.40, 498.29
12:54:48, 6.62, 106.60, 493.98
12:54:49, 6.62, 106.60, 493.98
12:54:50, 6.62, 103.90, 481.18
12:54:51, 6.60, 94.70, 437.25
12:54:51, 6.55, 85.00, 389.84
12:54:52, 6.52, 80.70, 368.54
12:54:53, 6.50, 75.70, 344.65
12:54:54, 6.48, 73.50, 333.40
12:54:55, 6.49, 79.80, 362.64
12:54:55, 6.53, 88.80, 406.03
12:54:56, 6.56, 95.60, 439.26
12:54:57, 6.58, 100.60, 463.65
12:54:58, 6.60, 105.50, 487.71
12:54:59, 6.62, 107.60, 498.32
12:55:0, 6.62, 107.80, 499.24
12:55:0, 6.62, 107.60, 498.32
12:55:1, 6.61, 107.30, 496.63
12:55:2, 6.61, 107.10, 495.70
12:55:3, 6.61, 106.50, 492.92
12:55:4, 6.60, 105.60, 488.17
12:55:4, 6.60, 104.50, 483.08
12:55:5, 6.60, 102.90, 475.11
12:55:6, 6.59, 102.10, 471.13
12:55:7, 6.59, 101.90, 469.92
12:55:8, 6.59, 101.20, 466.69
12:55:8, 6.58, 100.20, 461.80
12:55:9, 6.58, 97.90, 450.65
12:55:10, 6.57, 94.00, 432.17
12:55:11, 6.54, 84.50, 387.08
12:55:12, 6.49, 74.40, 338.10
12:55:12, 6.46, 73.90, 334.38
12:55:13, 6.50, 85.00, 386.51
12:55:14, 6.54, 90.10, 412.23
12:55:15, 6.54, 89.40, 409.52
12:55:16, 6.54, 85.90, 393.01
12:55:16, 6.50, 77.00, 350.57
12:55:17, 6.48, 79.60, 361.29
12:55:18, 6.52, 93.20, 425.63
12:55:19, 6.57, 100.80, 463.72
12:55:20, 6.58, 102.70, 473.32
12:55:20, 6.59, 102.80, 474.07
12:55:21, 6.58, 102.50, 472.40
12:55:22, 6.58, 102.80, 473.78
12:55:23, 6.58, 103.20, 475.63
12:55:24, 6.58, 103.30, 476.09
12:55:24, 6.58, 103.10, 475.17
12:55:25, 6.58, 102.80, 473.78
12:55:26, 6.58, 102.50, 472.12
12:55:27, 6.58, 102.70, 473.04
12:55:28, 6.58, 102.80, 473.50
12:55:28, 6.58, 102.80, 473.21
12:55:29, 6.58, 102.70, 472.75
12:55:30, 6.58, 103.10, 474.59
12:55:31, 6.58, 103.10, 474.59
12:55:32, 6.58, 103.10, 474.59
12:55:32, 6.58, 103.00, 474.13
12:55:33, 6.58, 103.00, 474.13
12:55:34, 6.57, 103.00, 473.84
12:55:35, 6.57, 102.90, 473.38
12:55:36, 6.57, 102.90, 473.38
12:55:36, 6.57, 103.10, 474.01
12:55:37, 6.57, 103.10, 474.30
12:55:38, 6.57, 102.90, 473.09
12:55:39, 6.57, 102.90, 473.38
12:55:40, 6.57, 102.90, 473.09
12:55:41, 6.57, 102.80, 472.63
12:55:41, 6.57, 102.90, 473.09
12:55:42, 6.56, 103.00, 473.26
12:55:43, 6.56, 103.00, 473.26
12:55:44, 6.56, 103.00, 473.26
12:55:45, 6.56, 103.00, 473.26
12:55:45, 6.56, 102.90, 472.80
12:55:46, 6.56, 103.00, 473.26
12:55:47, 6.56, 103.10, 473.72
12:55:48, 6.56, 103.20, 474.18
12:55:49, 6.56, 103.30, 474.64
12:55:49, 6.56, 103.10, 473.72
12:55:50, 6.56, 103.20, 474.18
12:55:51, 6.56, 103.20, 474.18
12:55:52, 6.56, 103.20, 474.18
12:55:53, 6.56, 103.30, 474.64
12:55:53, 6.56, 103.40, 475.10
12:55:54, 6.56, 103.20, 473.89
12:55:55, 6.56, 103.20, 474.18
12:55:56, 6.56, 103.20, 473.89
12:55:57, 6.56, 103.10, 473.44
12:55:57, 6.56, 103.10, 473.44
12:55:58, 6.56, 103.00, 472.69
12:55:59, 6.56, 103.10, 473.44
12:56:0, 6.56, 103.10, 473.15
12:56:1, 6.56, 103.10, 473.15
12:56:1, 6.56, 103.10, 473.15
12:56:2, 6.56, 103.00, 472.69
12:56:3, 6.56, 103.00, 472.69
12:56:4, 6.56, 102.90, 472.23
12:56:5, 6.55, 102.80, 471.48
12:56:5, 6.55, 102.60, 470.56
12:56:6, 6.55, 102.60, 470.56
12:56:7, 6.55, 102.70, 471.02
12:56:8, 6.55, 102.70, 470.74
12:56:9, 6.55, 102.70, 470.74
12:56:9, 6.55, 102.70, 470.74
12:56:10, 6.55, 102.80, 471.19
12:56:11, 6.54, 102.80, 470.91
12:56:12, 6.54, 102.80, 470.91
12:56:13, 6.54, 102.70, 470.45
12:56:13, 6.54, 102.80, 470.91
12:56:14, 6.54, 102.70, 470.45
12:56:15, 6.54, 102.60, 469.70
12:56:16, 6.54, 102.50, 469.25
12:56:17, 6.54, 102.40, 468.79
12:56:17, 6.54, 102.30, 468.04
12:56:18, 6.54, 102.40, 468.50
12:56:19, 6.53, 102.30, 467.76
12:56:20, 6.53, 102.10, 466.84
12:56:21, 6.53, 102.20, 467.30
12:56:22, 6.53, 102.20, 467.01
12:56:22, 6.53, 102.10, 466.56
12:56:23, 6.52, 102.10, 466.27
12:56:24, 6.52, 102.10, 466.27
12:56:25, 6.52, 102.00, 465.81
12:56:26, 6.52, 102.10, 466.27
12:56:26, 6.52, 102.00, 465.53
12:56:27, 6.52, 101.90, 465.07
12:56:28, 6.52, 102.10, 465.70
12:56:29, 6.52, 102.10, 465.98
12:56:30, 6.52, 102.20, 466.15
12:56:30, 6.52, 102.10, 465.70
12:56:31, 6.52, 102.20, 466.15
12:56:32, 6.52, 102.10, 465.70
12:56:33, 6.51, 102.10, 465.41
12:56:34, 6.51, 102.10, 465.41
12:56:34, 6.51, 102.00, 464.67
12:56:35, 6.51, 102.10, 465.13
12:56:36, 6.51, 102.00, 464.67
12:56:37, 6.51, 101.90, 464.22
12:56:38, 6.50, 101.80, 463.48
12:56:38, 6.50, 101.80, 463.48
12:56:39, 6.50, 101.80, 463.48
12:56:40, 6.50, 101.90, 463.65
12:56:41, 6.50, 101.90, 463.93
12:56:42, 6.50, 101.90, 463.65
12:56:42, 6.50, 102.10, 464.56
12:56:43, 6.50, 101.90, 463.65
12:56:44, 6.50, 102.10, 464.56
12:56:45, 6.50, 102.20, 465.01
12:56:46, 6.50, 102.10, 464.27
12:56:46, 6.50, 102.10, 464.27
12:56:47, 6.50, 102.20, 464.72
12:56:48, 6.50, 102.30, 465.18
12:56:49, 6.50, 102.20, 464.72
12:56:50, 6.49, 102.10, 463.98
12:56:50, 6.50, 102.10, 464.27
12:56:51, 6.49, 102.00, 463.53
12:56:52, 6.49, 102.10, 463.98
12:56:53, 6.49, 102.00, 463.24
12:56:54, 6.49, 101.90, 463.07
12:56:54, 6.49, 101.80, 462.33
12:56:55, 6.49, 101.80, 462.33
12:56:56, 6.48, 101.90, 462.50
12:56:57, 6.49, 101.80, 462.33
12:56:58, 6.49, 101.70, 461.88
12:56:58, 6.48, 101.80, 462.05
12:56:59, 6.48, 101.70, 461.60
12:57:0, 6.48, 101.50, 460.69
12:57:1, 6.48, 101.10, 458.59
12:57:2, 6.48, 100.80, 457.23
12:57:3, 6.48, 100.90, 457.40
12:57:3, 6.48, 100.70, 456.49
12:57:4, 6.48, 100.40, 455.13
12:57:5, 6.48, 99.90, 452.87
12:57:6, 6.47, 99.20, 449.42
12:57:7, 6.47, 99.60, 450.95
12:57:7, 6.47, 100.60, 455.76
12:57:8, 6.47, 101.00, 457.57
12:57:9, 6.47, 101.00, 457.57
12:57:10, 6.47, 101.00, 457.57
12:57:11, 6.47, 101.00, 457.57
12:57:11, 6.47, 101.10, 458.02
12:57:12, 6.47, 101.20, 458.48
12:57:13, 6.47, 101.20, 458.48
12:57:14, 6.47, 101.10, 457.74
12:57:15, 6.47, 101.00, 457.29
12:57:15, 6.47, 101.00, 457.29
12:57:16, 6.47, 101.00, 457.29
12:57:17, 6.46, 101.00, 457.00
12:57:18, 6.46, 101.20, 457.91
12:57:19, 6.46, 101.10, 457.46
12:57:19, 6.47, 101.20, 458.19
12:57:20, 6.46, 101.20, 457.91
12:57:21, 6.46, 101.20, 457.91
12:57:22, 6.46, 101.20, 457.91
12:57:23, 6.46, 101.10, 457.17
12:57:23, 6.46, 101.00, 456.72
12:57:24, 6.46, 100.90, 456.27
12:57:25, 6.46, 100.80, 455.54
12:57:26, 6.46, 100.70, 455.08
12:57:27, 6.46, 100.70, 455.08
12:57:27, 6.45, 100.70, 454.80
12:57:28, 6.45, 100.70, 454.80
12:57:29, 6.45, 100.60, 454.35
12:57:30, 6.45, 100.60, 454.35
12:57:31, 6.45, 100.60, 454.07
12:57:31, 6.45, 100.50, 453.62
12:57:32, 6.45, 100.40, 453.17
12:57:33, 6.44, 100.50, 453.34
12:57:34, 6.44, 100.50, 453.34
12:57:35, 6.44, 100.50, 453.34
12:57:35, 6.44, 100.50, 453.34
12:57:36, 6.44, 100.60, 453.79
12:57:37, 6.44, 100.40, 452.88
12:57:38, 6.44, 100.40, 452.60
12:57:39, 6.44, 100.20, 451.70
12:57:39, 6.44, 100.30, 451.87
12:57:40, 6.44, 100.40, 452.32
12:57:41, 6.44, 100.30, 451.87
12:57:42, 6.44, 100.30, 451.87
12:57:43, 6.44, 100.20, 451.42
12:57:44, 6.43, 100.30, 451.59
12:57:44, 6.43, 100.20, 451.14
12:57:45, 6.43, 100.10, 450.69
12:57:46, 6.43, 100.10, 450.69
12:57:47, 6.43, 100.20, 451.14
12:57:48, 6.43, 100.10, 450.69
12:57:48, 6.43, 100.00, 449.96
12:57:49, 6.43, 100.10, 450.41
12:57:50, 6.43, 100.00, 449.96
12:57:51, 6.43, 100.00, 449.96
12:57:52, 6.43, 100.10, 450.41
12:57:52, 6.43, 100.00, 449.96
12:57:53, 6.43, 100.00, 449.96
12:57:54, 6.43, 100.00, 449.96
12:57:55, 6.43, 100.00, 450.24
12:57:56, 6.43, 100.10, 450.69
12:57:56, 6.43, 100.00, 450.24
12:57:57, 6.43, 99.90, 449.79
12:57:58, 6.43, 100.00, 450.24
12:57:59, 6.43, 99.80, 449.34
12:58:0, 6.43, 99.80, 449.34
12:58:0, 6.43, 99.60, 448.44
12:58:1, 6.43, 99.60, 448.44
12:58:2, 6.43, 99.60, 448.44
12:58:3, 6.43, 99.40, 447.54
12:58:4, 6.43, 99.30, 447.09
12:58:4, 6.43, 99.30, 447.09
12:58:5, 6.44, 99.20, 446.92
12:58:6, 6.44, 99.20, 446.92
12:58:7, 6.43, 99.20, 446.64
12:58:8, 6.43, 98.90, 445.29
12:58:8, 6.44, 98.80, 445.11
12:58:9, 6.44, 98.80, 445.11
12:58:10, 6.44, 98.80, 445.11
12:58:11, 6.44, 98.80, 445.11
12:58:12, 6.44, 98.70, 444.66
12:58:12, 6.44, 98.60, 444.21
12:58:13, 6.44, 98.50, 443.76
12:58:14, 6.44, 98.40, 443.31
12:58:15, 6.44, 98.30, 442.86
12:58:16, 6.44, 98.20, 442.41
12:58:16, 6.44, 98.20, 442.41
12:58:17, 6.44, 98.10, 441.96
12:58:18, 6.44, 98.10, 441.96
12:58:19, 6.44, 98.10, 441.96
12:58:20, 6.44, 98.00, 441.51
12:58:20, 6.44, 98.00, 441.51
12:58:21, 6.44, 98.20, 442.41
12:58:22, 6.44, 98.20, 442.69
12:58:23, 6.44, 98.30, 442.86
12:58:24, 6.44, 98.20, 442.41
12:58:25, 6.44, 98.20, 442.69
12:58:25, 6.44, 98.50, 444.04
12:58:26, 6.44, 98.40, 443.59
12:58:27, 6.44, 98.50, 444.04
12:58:28, 6.44, 98.50, 444.04
12:58:29, 6.44, 98.60, 444.49
12:58:29, 6.44, 98.70, 444.94
12:58:30, 6.44, 98.70, 444.66
12:58:31, 6.44, 98.80, 445.11
12:58:32, 6.44, 98.80, 445.11
12:58:33, 6.44, 98.80, 445.11
12:58:33, 6.44, 99.00, 446.01
12:58:34, 6.44, 99.00, 446.29
12:58:35, 6.44, 99.10, 446.47
12:58:36, 6.44, 99.00, 446.01
12:58:37, 6.44, 99.20, 446.92
12:58:37, 6.44, 99.10, 446.47
12:58:38, 6.44, 99.20, 446.92
12:58:39, 6.44, 99.20, 447.19
12:58:40, 6.44, 99.10, 446.74
12:58:41, 6.44, 99.20, 447.19
12:58:41, 6.44, 99.20, 447.19
12:58:42, 6.44, 99.30, 447.64
12:58:43, 6.44, 99.20, 447.19
12:58:44, 6.44, 99.20, 447.19
12:58:45, 6.44, 99.30, 447.64
12:58:45, 6.44, 99.50, 448.55
12:58:46, 6.44, 99.30, 447.64
12:58:47, 6.44, 99.30, 447.64
12:58:48, 6.44, 99.20, 447.19
12:58:49, 6.44, 99.20, 447.19
12:58:49, 6.44, 99.10, 446.74
12:58:50, 6.44, 99.10, 446.74
12:58:51, 6.44, 99.10, 446.74
12:58:52, 6.44, 99.00, 446.29
12:58:53, 6.44, 99.20, 447.19
12:58:53, 6.44, 99.30, 447.64
12:58:54, 6.44, 99.30, 447.64
12:58:55, 6.44, 99.40, 448.37
12:58:56, 6.44, 99.60, 449.28
12:58:57, 6.44, 99.50, 448.82
12:58:57, 6.44, 99.50, 448.82
12:58:58, 6.45, 99.40, 448.65
12:58:59, 6.45, 99.50, 449.10
12:59:0, 6.45, 99.30, 448.20
12:59:1, 6.45, 99.50, 449.10
12:59:1, 6.45, 99.50, 449.10
12:59:2, 6.45, 99.50, 449.10
12:59:3, 6.45, 99.50, 449.10
12:59:4, 6.45, 99.40, 448.65
12:59:5, 6.44, 99.40, 448.37
12:59:6, 6.44, 99.50, 448.82
12:59:6, 6.44, 99.50, 448.82
12:59:7, 6.44, 99.60, 449.28
12:59:8, 6.44, 99.60, 449.28
12:59:9, 6.44, 99.70, 449.73
12:59:10, 6.44, 99.60, 449.00
12:59:10, 6.44, 99.60, 449.00
12:59:11, 6.44, 99.80, 449.90
12:59:12, 6.44, 99.70, 449.45
12:59:13, 6.44, 99.80, 449.90
12:59:14, 6.44, 100.00, 450.80
12:59:14, 6.44, 99.80, 449.90
12:59:15, 6.44, 99.90, 450.07
12:59:16, 6.44, 99.80, 449.62
12:59:17, 6.44, 100.00, 450.52
12:59:18, 6.44, 99.80, 449.62
12:59:18, 6.44, 99.80, 449.62
12:59:19, 6.44, 99.80, 449.62
12:59:20, 6.44, 99.90, 450.07
12:59:21, 6.43, 100.00, 450.24
12:59:22, 6.43, 99.90, 449.79
12:59:22, 6.43, 99.80, 449.34
12:59:23, 6.43, 99.90, 449.79
12:59:24, 6.43, 99.80, 449.34
12:59:25, 6.43, 99.90, 449.79
12:59:26, 6.43, 99.80, 449.06
12:59:26, 6.43, 99.70, 448.61
12:59:27, 6.43, 99.80, 449.06
12:59:28, 6.43, 99.90, 449.51
12:59:29, 6.43, 99.90, 449.51
12:59:30, 6.43, 99.80, 449.06
12:59:30, 6.43, 99.80, 449.06
12:59:31, 6.43, 100.00, 449.96
12:59:32, 6.43, 99.80, 449.06
12:59:33, 6.43, 99.90, 449.51
12:59:34, 6.43, 100.00, 449.96
12:59:34, 6.43, 99.90, 449.51
12:59:35, 6.43, 100.00, 449.96
12:59:36, 6.43, 100.00, 449.96
12:59:37, 6.43, 100.00, 449.96
12:59:38, 6.43, 100.10, 450.41
12:59:38, 6.43, 100.10, 450.41
12:59:39, 6.43, 100.00, 449.96
12:59:40, 6.43, 100.10, 450.41
12:59:41, 6.43, 100.10, 450.41
12:59:42, 6.42, 100.20, 450.58
12:59:42, 6.43, 100.20, 450.86
12:59:43, 6.42, 100.30, 451.03
12:59:44, 6.42, 100.30, 451.03
12:59:45, 6.42, 100.30, 451.03
12:59:46, 6.42, 100.40, 451.48
12:59:47, 6.42, 100.50, 451.93
12:59:47, 6.42, 100.50, 451.93
12:59:48, 6.43, 100.60, 452.66
12:59:49, 6.42, 100.60, 452.38
12:59:50, 6.42, 100.60, 452.38
12:59:51, 6.42, 100.70, 452.83
12:59:51, 6.42, 100.80, 453.28
12:59:52, 6.42, 100.80, 453.28
12:59:53, 6.42, 100.80, 453.00
12:59:54, 6.42, 100.70, 452.83
12:59:55, 6.42, 100.90, 453.44
12:59:55, 6.42, 100.90, 453.16
12:59:56, 6.42, 100.90, 453.44
12:59:57, 6.42, 101.00, 453.61
12:59:58, 6.42, 101.00, 453.61
12:59:59, 6.41, 100.90, 452.88
12:59:59, 6.41, 101.10, 453.78
13:0:0, 6.41, 101.10, 453.78
13:0:1, 6.41, 101.20, 454.23
13:0:2, 6.41, 101.30, 454.67
13:0:3, 6.41, 101.10, 453.78
13:0:3, 6.41, 101.20, 454.23
13:0:4, 6.41, 101.10, 453.49
13:0:5, 6.41, 101.20, 453.94
13:0:6, 6.41, 101.30, 454.67
13:0:7, 6.41, 101.20, 453.94
13:0:7, 6.41, 101.10, 453.49
13:0:8, 6.41, 101.10, 453.49
13:0:9, 6.41, 101.10, 453.49
13:0:10, 6.41, 101.30, 454.39
13:0:11, 6.41, 101.30, 454.39
13:0:11, 6.41, 101.20, 453.94
13:0:12, 6.41, 101.30, 454.67
13:0:13, 6.41, 101.20, 454.23
13:0:14, 6.41, 101.30, 454.67
13:0:15, 6.41, 101.20, 454.23
13:0:15, 6.42, 101.30, 454.96
13:0:16, 6.42, 101.00, 453.61
13:0:17, 6.42, 101.20, 454.51
13:0:18, 6.42, 101.10, 454.06
13:0:19, 6.42, 101.20, 454.51
13:0:19, 6.42, 101.20, 454.79
13:0:20, 6.42, 101.30, 454.96
13:0:21, 6.42, 101.30, 455.24
13:0:22, 6.42, 101.30, 454.96
13:0:23, 6.42, 101.50, 456.14
13:0:23, 6.42, 101.60, 456.31
13:0:24, 6.42, 101.80, 457.49
13:0:25, 6.42, 101.80, 457.49
13:0:26, 6.42, 101.80, 457.49
13:0:27, 6.42, 101.90, 457.94
13:0:28, 6.42, 101.90, 457.65
13:0:28, 6.42, 101.90, 457.65
13:0:29, 6.42, 101.90, 457.65
13:0:30, 6.42, 101.80, 457.20
13:0:31, 6.42, 101.80, 457.20
13:0:32, 6.42, 101.90, 457.94
13:0:32, 6.42, 101.80, 457.49
13:0:33, 6.42, 101.80, 457.49
13:0:34, 6.42, 101.80, 457.49
13:0:35, 6.42, 101.80, 457.49
13:0:36, 6.42, 101.90, 457.94
13:0:36, 6.42, 101.80, 457.49
13:0:37, 6.42, 101.90, 457.94
13:0:38, 6.42, 101.80, 457.49
13:0:39, 6.42, 101.80, 457.49
13:0:40, 6.42, 101.70, 457.04
13:0:40, 6.42, 101.70, 457.04
13:0:41, 6.42, 101.70, 457.04
13:0:42, 6.42, 101.70, 457.04
13:0:43, 6.42, 101.60, 456.59
13:0:44, 6.42, 101.50, 456.14
13:0:44, 6.42, 101.50, 456.14
13:0:45, 6.42, 101.50, 455.86
13:0:46, 6.42, 101.60, 456.59
13:0:47, 6.42, 101.40, 455.69
13:0:48, 6.42, 101.50, 456.14
13:0:48, 6.42, 101.40, 455.69
13:0:49, 6.42, 101.50, 456.14
13:0:50, 6.42, 101.50, 456.43
13:0:51, 6.42, 101.30, 455.53
13:0:52, 6.42, 101.30, 455.53
13:0:52, 6.42, 101.20, 455.08
13:0:53, 6.42, 101.10, 454.63
13:0:54, 6.42, 100.90, 453.44
13:0:55, 6.42, 100.90, 453.44
13:0:56, 6.42, 100.80, 453.28
13:0:56, 6.42, 100.80, 453.00
13:0:57, 6.42, 101.00, 453.89
13:0:58, 6.42, 101.00, 453.89
13:0:59, 6.42, 101.10, 454.34
13:1:0, 6.42, 101.00, 454.18
13:1:0, 6.42, 101.00, 454.18
13:1:1, 6.42, 101.00, 454.18
13:1:2, 6.42, 100.90, 453.73
13:1:3, 6.42, 100.80, 453.28
13:1:4, 6.42, 100.80, 453.28
13:1:4, 6.42, 100.60, 452.38
13:1:5, 6.42, 100.60, 452.38
13:1:6, 6.43, 100.90, 454.01
13:1:7, 6.43, 101.00, 454.46
13:1:8, 6.43, 100.90, 454.01
13:1:8, 6.43, 100.80, 453.56
13:1:9, 6.43, 100.80, 453.56
13:1:10, 6.43, 100.10, 450.41
13:1:11, 6.42, 99.60, 447.88
13:1:12, 6.42, 99.80, 448.78
13:1:13, 6.42, 99.10, 445.63
13:1:13, 6.42, 99.00, 444.91
13:1:14, 6.42, 98.90, 444.73
13:1:15, 6.42, 98.80, 444.01
13:1:16, 6.42, 97.80, 439.51
13:1:17, 6.42, 98.50, 442.66
13:1:17, 6.42, 98.10, 440.86
13:1:18, 6.42, 97.70, 438.79
13:1:19, 6.42, 98.70, 443.56
13:1:20, 6.42, 99.70, 448.33
13:1:21, 6.42, 100.20, 450.58
13:1:21, 6.42, 100.40, 451.48
13:1:22, 6.42, 100.40, 451.48
13:1:23, 6.42, 100.30, 451.03
13:1:24, 6.42, 100.00, 449.68
13:1:25, 6.42, 97.60, 438.89
13:1:25, 6.39, 81.60, 365.11
13:1:26, 6.30, 61.00, 269.01
13:1:27, 6.19, 48.80, 211.52
13:1:28, 6.13, 44.20, 189.72
13:1:29, 6.12, 43.80, 187.64
13:1:29, 6.11, 42.10, 180.12
13:1:30, 6.08, 36.70, 156.30
13:1:31, 6.00, 28.60, 120.20
13:1:32, 5.92, 24.40, 101.05
13:1:33, 5.88, 23.60, 97.14
13:1:33, 5.88, 23.50, 96.66
13:1:34, 5.88, 23.40, 96.31
13:1:35, 5.88, 23.40, 96.31
13:1:36, 5.88, 23.40, 96.38
13:1:37, 5.88, 23.50, 96.79
13:1:37, 5.89, 23.50, 96.86
13:1:38, 5.89, 23.70, 97.75
13:1:39, 5.90, 24.20, 99.88
13:1:40, 5.92, 25.70, 106.43
13:1:41, 5.95, 27.80, 115.83
13:1:41, 5.97, 28.20, 117.81
13:1:42, 5.97, 27.00, 112.80
13:1:43, 5.94, 26.10, 108.60
13:1:44, 5.95, 27.10, 112.91
13:1:45, 5.97, 27.80, 116.22
13:1:45, 5.98, 27.60, 115.53
13:1:46, 5.98, 26.80, 112.11
13:1:47, 5.96, 25.60, 106.80
13:1:48, 5.95, 25.10, 104.51
13:1:49, 5.95, 24.90, 103.67
13:1:49, 5.95, 24.80, 103.26
13:1:50, 5.95, 24.50, 102.01
13:1:51, 5.95, 24.40, 101.59
13:1:52, 5.95, 24.50, 102.08
13:1:53, 5.96, 24.40, 101.73
13:1:54, 5.96, 24.30, 101.31
13:1:54, 5.96, 24.40, 101.80
13:1:55, 5.96, 24.60, 102.70
13:1:56, 5.97, 24.90, 104.02
13:1:57, 5.98, 25.30, 105.91
13:1:58, 5.99, 26.10, 109.47
13:1:58, 6.00, 26.40, 110.95
13:1:59, 6.01, 26.40, 111.03
13:2:0, 6.01, 26.70, 112.29
13:2:1, 6.03, 30.10, 127.09
13:2:2, 6.10, 36.70, 156.81
13:2:2, 6.19, 45.70, 197.95
13:2:3, 6.27, 50.80, 222.89
13:2:4, 6.27, 51.10, 224.35
13:2:5, 6.30, 56.00, 246.80
13:2:6, 6.32, 59.80, 264.72
13:2:6, 6.36, 63.60, 282.97
13:2:7, 6.36, 58.60, 261.05
13:2:8, 6.30, 46.80, 206.39
13:2:9, 6.21, 39.10, 170.02
13:2:10, 6.17, 35.70, 154.14
13:2:10, 6.14, 33.00, 141.74
13:2:11, 6.12, 32.60, 139.66
13:2:12, 6.11, 31.10, 133.06
13:2:13, 6.09, 29.90, 127.51
13:2:14, 6.08, 29.00, 123.51
13:2:14, 6.08, 28.20, 119.94
13:2:15, 6.06, 27.10, 114.96
13:2:16, 6.05, 26.70, 113.11
13:2:17, 6.05, 26.60, 112.69
13:2:18, 6.06, 26.90, 114.03
13:2:18, 6.06, 27.60, 117.16
13:2:19, 6.08, 27.60, 117.47
13:2:20, 6.07, 26.70, 113.49
13:2:21, 6.06, 26.50, 112.41
13:2:22, 6.07, 27.30, 115.96
13:2:22, 6.10, 29.80, 127.16
13:2:23, 6.12, 30.00, 128.60
13:2:24, 6.11, 28.00, 119.72
13:2:25, 6.08, 27.40, 116.69
13:2:26, 6.09, 28.10, 119.75
13:2:26, 6.12, 30.80, 131.86
13:2:27, 6.14, 30.90, 132.89
13:2:28, 6.12, 28.70, 122.95
13:2:29, 6.11, 29.10, 124.42
13:2:30, 6.12, 29.80, 127.75
13:2:30, 6.12, 29.10, 124.75
13:2:31, 6.11, 28.00, 119.80
13:2:32, 6.10, 27.20, 116.07
13:2:33, 6.09, 26.60, 113.36
13:2:34, 6.08, 26.10, 111.08
13:2:35, 6.08, 26.00, 110.58
13:2:35, 6.08, 26.10, 111.08
13:2:36, 6.08, 25.90, 110.23
13:2:37, 6.08, 25.80, 109.73
13:2:38, 6.08, 25.70, 109.31
13:2:39, 6.08, 25.50, 108.46
13:2:39, 6.08, 25.50, 108.53
13:2:40, 6.08, 25.40, 108.10
13:2:41, 6.08, 25.20, 107.25
13:2:42, 6.08, 25.10, 106.83
13:2:43, 6.08, 25.10, 106.83
13:2:43, 6.08, 25.00, 106.40
13:2:44, 6.08, 24.90, 105.97
13:2:45, 6.08, 24.90, 105.97
13:2:46, 6.08, 24.90, 105.97
13:2:47, 6.08, 24.90, 106.04
13:2:47, 6.08, 24.90, 106.04
13:2:48, 6.08, 24.80, 105.62
13:2:49, 6.08, 24.70, 105.19
13:2:50, 6.08, 24.60, 104.70
13:2:51, 6.08, 24.50, 104.27
13:2:51, 6.08, 24.50, 104.27
13:2:52, 6.08, 24.40, 103.85
13:2:53, 6.08, 24.40, 103.85
13:2:54, 6.08, 24.50, 104.34
13:2:55, 6.08, 24.50, 104.34
13:2:55, 6.08, 24.50, 104.34
13:2:56, 6.09, 24.40, 103.98
13:2:57, 6.09, 24.50, 104.41
13:2:58, 6.09, 24.40, 103.98
13:2:59, 6.09, 24.50, 104.41
13:2:59, 6.09, 24.60, 104.90
13:3:0, 6.10, 24.70, 105.40
13:3:1, 6.10, 24.70, 105.40
13:3:2, 6.10, 24.80, 105.90
13:3:3, 6.10, 25.00, 106.75
13:3:3, 6.10, 25.20, 107.67
13:3:4, 6.11, 25.40, 108.60
13:3:5, 6.11, 25.60, 109.53
13:3:6, 6.12, 25.80, 110.45
13:3:7, 6.12, 26.00, 111.38
13:3:7, 6.12, 26.20, 112.31
13:3:8, 6.13, 26.50, 113.67
13:3:9, 6.13, 26.70, 114.61
13:3:10, 6.14, 26.90, 115.54
13:3:11, 6.14, 27.10, 116.48
13:3:11, 6.14, 27.50, 118.27
13:3:12, 6.15, 28.30, 121.87
13:3:13, 6.17, 29.70, 128.23
13:3:14, 6.20, 34.00, 147.56
13:3:15, 6.29, 45.50, 200.27
13:3:16, 6.38, 53.50, 239.08
13:3:16, 6.41, 51.90, 232.80
13:3:17, 6.38, 46.70, 208.43
13:3:18, 6.32, 39.00, 172.43
13:3:19, 6.26, 37.10, 162.68
13:3:20, 6.30, 45.80, 201.85
13:3:20, 6.41, 62.10, 278.73
13:3:21, 6.48, 68.20, 309.55
13:3:22, 6.48, 60.20, 272.90
13:3:23, 6.42, 54.20, 243.57
13:3:24, 6.43, 64.20, 288.87
13:3:24, 6.52, 81.60, 372.42
13:3:25, 6.58, 91.00, 419.15
13:3:26, 6.60, 94.20, 435.20
13:3:27, 6.61, 95.90, 443.60
13:3:28, 6.61, 96.10, 444.79
13:3:28, 6.61, 95.60, 442.21
13:3:29, 6.61, 94.80, 438.51
13:3:30, 6.60, 93.50, 431.97
13:3:31, 6.60, 92.50, 427.09
13:3:32, 6.59, 91.30, 421.04
13:3:32, 6.59, 90.30, 416.43
13:3:33, 6.58, 89.60, 412.70
13:3:34, 6.58, 88.90, 409.22
13:3:35, 6.57, 88.20, 405.76
13:3:36, 6.57, 87.80, 403.67
13:3:36, 6.56, 87.60, 402.50
13:3:37, 6.56, 87.70, 402.96
13:3:38, 6.56, 88.00, 404.34
13:3:39, 6.56, 88.50, 406.64
13:3:40, 6.56, 89.20, 409.86
13:3:40, 6.56, 90.00, 413.53
13:3:41, 6.57, 91.00, 418.38
13:7:20, 6.56, 104.50, 479.86
13:7:21, 6.56, 104.50, 480.16
13:7:21, 6.56, 104.70, 481.08
13:7:22, 6.56, 104.50, 479.86
13:7:23, 6.56, 104.80, 481.54
13:7:24, 6.56, 104.90, 481.70
13:7:25, 6.56, 104.70, 481.08
13:7:26, 6.56, 104.60, 480.32
13:7:26, 6.56, 104.20, 478.49
13:7:27, 6.56, 104.50, 479.86
13:7:28, 6.56, 104.70, 480.78
13:7:29, 6.56, 104.80, 481.24
13:7:30, 6.56, 104.80, 481.54
13:7:30, 6.56, 104.90, 481.70
13:7:31, 6.56, 104.80, 481.24
13:7:32, 6.56, 104.60, 480.32
13:7:33, 6.56, 104.50, 479.86
13:7:34, 6.56, 104.30, 478.65
13:7:34, 6.56, 102.80, 471.77
13:7:35, 6.55, 101.00, 462.94
13:7:36, 6.54, 97.30, 445.44
13:7:37, 6.52, 89.00, 405.95
13:7:38, 6.48, 76.90, 348.60
13:7:38, 6.40, 59.00, 264.32
13:7:39, 6.28, 41.60, 182.87
13:7:40, 6.16, 33.10, 142.73
13:7:41, 6.11, 32.90, 140.76
13:7:42, 6.15, 38.00, 163.54
13:7:42, 6.19, 37.30, 161.67
13:7:43, 6.12, 27.80, 119.10
13:7:44, 6.01, 23.10, 97.15
13:7:45, 5.98, 22.60, 94.54
13:7:46, 5.97, 22.20, 92.74
13:7:46, 5.96, 21.90, 91.43
13:7:47, 5.96, 21.80, 90.95
13:7:48, 5.96, 21.50, 89.70
13:7:49, 5.96, 21.20, 88.39
13:7:50, 5.95, 21.00, 87.49
13:7:50, 5.95, 20.80, 86.60
13:7:51, 5.95, 20.60, 85.77
13:7:52, 5.94, 20.60, 85.71
13:7:53, 5.94, 20.40, 84.82
13:7:54, 5.94, 20.30, 84.35
13:7:54, 5.94, 20.10, 83.58
13:7:55, 5.94, 20.10, 83.52
13:7:56, 5.94, 20.00, 83.10
13:7:57, 5.94, 19.90, 82.69
13:7:58, 5.94, 19.90, 82.69
13:7:58, 5.94, 19.80, 82.27
13:7:59, 5.94, 19.70, 81.86
13:8:0, 5.94, 19.70, 81.86
13:8:1, 5.94, 19.60, 81.44
13:8:2, 5.94, 19.60, 81.44
13:8:2, 5.94, 19.50, 81.03
13:8:3, 5.94, 19.50, 81.03
13:8:4, 5.94, 19.50, 81.08
13:8:5, 5.94, 19.40, 80.67
13:8:6, 5.94, 19.40, 80.61
13:8:6, 5.94, 19.40, 80.67
13:30:50, 6.38, 102.90, 459.84
13:30:50, 6.38, 95.30, 425.34
13:30:51, 6.31, 68.50, 302.47
13:30:52, 6.14, 46.20, 198.70
13:30:53, 6.03, 37.00, 156.13
13:30:54, 5.95, 30.40, 126.57
13:30:54, 5.91, 28.20, 116.62
13:30:55, 5.88, 26.70, 109.82
13:30:56, 5.87, 26.50, 108.93
13:30:57, 5.87, 26.30, 108.03
13:30:58, 5.87, 25.90, 106.39
13:30:58, 5.86, 25.70, 105.42
13:30:59, 5.86, 25.70, 105.49
13:31:0, 5.86, 25.70, 105.49
13:31:1, 5.86, 25.60, 105.08
13:31:2, 5.86, 25.50, 104.67
13:31:2, 5.86, 25.40, 104.26
13:31:3, 5.87, 25.30, 103.92
13:31:4, 5.87, 25.30, 103.92
13:31:5, 5.87, 25.30, 103.99
13:31:6, 5.87, 25.20, 103.58
13:31:6, 5.87, 25.20, 103.58
13:31:7, 5.88, 25.20, 103.65
13:31:8, 5.88, 25.10, 103.31
13:31:9, 5.88, 25.10, 103.24
13:31:10, 5.88, 25.00, 102.83
13:31:10, 5.88, 25.00, 102.90
13:31:11, 5.88, 24.90, 102.49
13:31:12, 5.88, 24.90, 102.49
13:31:13, 5.88, 24.70, 101.73
13:31:14, 5.88, 24.70, 101.67
